¶r¿Wß«∏π,¶r,≥°≠∫,µßµe,•X≤{¿W¶∏,≤÷øn¿W¶∏,≤÷øn¶ §¿§Ò
1,™∫,•’,08,39632,39632,3.94012662
2,§@,§@,01,12955,52587,5.22808434
3,¨O,§È,09,11865,64452,6.40767665
4,§£,§@,04,9889,74341,7.39081936
5,¶≥,§Î,06,9414,83755,8.32673862
6,¶b,§g,06,9364,93119,9.25768699
7,§H,§H,02,8004,101123,10.05342713
8,•H,§H,05,6442,107565,10.69387666
9,¨∞,§ı,09,5914,113479,11.28183358
10,§§,°U,04,5884,119363,11.86680797
11,§j,§j,03,5854,125217,12.44879983
12,∑|,§Í,13,5239,130456,12.96964973
13,§W,§@,03,5110,135566,13.47767474
14,§F,∆¡,02,5057,140623,13.98043060
15,•i,§f,05,4835,145458,14.46111571
16,≥o,∆÷,11,4775,150233,14.93583575
17,Æ…,§È,10,4729,154962,15.40598257
18,®”,§H,08,4565,159527,15.85982487
19,¶~,§z,06,4541,164068,16.31128114
20,≠”,§H,10,4541,168609,16.76273741
21,•L,§H,05,4490,173099,17.20912337
22,•X,…B,05,4269,177368,17.63353800
23,®Ï,§M,08,4229,181597,18.05397592
24,∞Í,…I,11,4222,185819,18.47371791
25,ß⁄,§‡,07,4120,189939,18.88331928
26,§],§A,03,4114,194053,19.29232415
27,≠n, P,09,3982,198035,19.68820587
28,¶®,§‡,06,3755,201790,20.06151974
29,¶”,¶”,06,3743,205533,20.43364060
30,Ø‡,¶◊,10,3664,209197,20.79790745
31,¥N,§q,12,3337,212534,21.12966468
32,¶a,§g,06,3308,215842,21.45853880
33,πÔ,§o,14,3293,219135,21.78592164
34,´·,…L,09,3261,222396,22.11012312
35,©Û,§Ë,08,3217,225613,22.42995021
36,§ß,∆¿,04,3192,228805,22.74729186
37,¶h,§i,06,3141,231946,23.05956320
38,•Œ,•Œ,05,3139,235085,23.37163570
39,•Õ,•Õ,05,3134,238219,23.68321112
40,•x,§f,05,3117,241336,23.99309643
41,¶Ê,¶Ê,06,3003,244339,24.29164811
42,©M,§f,08,2917,247256,24.58164986
43,πL,∆÷,13,2871,250127,24.86707839
44,©“,§·,08,2864,252991,25.15181099
45,≠Ã,§H,10,2855,255846,25.43564884
46,ß@,§H,07,2849,258695,25.71889018
47,∑~,§Ï,13,2841,261536,26.00133618
48,§Ω,§K,04,2835,264371,26.28318566
49,¶],…I,06,2828,267199,26.56433923
50,¶€,¶€,06,2767,269966,26.83942831
51,±o,…L,11,2740,272706,27.11183311
52,ªP,¶›,14,2725,275431,27.38274664
53,§Q,§Q,02,2715,278146,27.65266599
54,Æa,∆À,10,2706,280852,27.92169058
55,µo,∆’,12,2695,283547,28.18962158
56,§U,§@,03,2688,286235,28.45685665
57,≤{,•…,11,2663,288898,28.72160627
58,¶p,§k,06,2637,291535,28.98377104
59,™Ã,¶—,08,2612,294147,29.24345035
60,´e,§M,09,2596,296743,29.50153899
61,≥£,®∂,11,2570,299313,29.75704276
62,∏g,¶Õ,13,2543,301856,30.00986225
63,§Ë,§Ë,04,2496,304352,30.25800910
64,§Œ,§S,04,2487,306839,30.50526119
65,≥Ã,∆√,12,2446,309285,30.74843715
66,•~,§i,05,2425,311710,30.98952534
67,±N,§o,11,2420,314130,31.23011644
68,™¯,™¯,08,2387,316517,31.46742675
69,∑Ì,•–,13,2380,318897,31.70404114
70,§¿,§M,04,2376,321273,31.94025785
71,∞™,∞™,10,2329,323602,32.17180193
72,∞ ,§O,11,2321,325923,32.40255066
73,•´,§y,05,2312,328235,32.63240464
74,¶˝,§H,07,2311,330546,32.86215920
75,ª°,®•,14,2294,332840,33.09022365
76,∑s,§Á,13,2234,335074,33.31232304
77,§ﬂ,§ﬂ,04,2229,337303,33.53392533
78,µM,§ı,12,2228,339531,33.75542821
79,™k,§Ù,08,2196,341727,33.97374972
80,®‰,§K,08,2174,343901,34.18988404
81,§l,§l,03,2173,346074,34.40591894
82,§O,§O,02,2158,348232,34.62046257
83,§—,§j,04,2151,350383,34.83431028
84,§È,§È,04,2142,352525,35.04726323
85,≥ı,§g,12,2138,354663,35.25981850
86,∂},™˘,12,2129,356792,35.47147902
87,™Ì,¶Á,08,2119,358911,35.68214536
88,¶P,§f,06,2111,361022,35.89201635
89,§T,§@,03,2109,363131,36.10168851
90,∏Í,®©,13,2107,365238,36.31116184
91,≤z,•…,11,2093,367331,36.51924331
92,¶π,§Ó,06,2085,369416,36.72652944
93,•D,∆ø,05,2063,371479,36.93162838
94,§p,§p,03,2054,373533,37.13583256
95,•ª,§Ï,05,2050,375583,37.33963907
96,®∆,∆¡,08,2043,377626,37.54274966
97,©w,∆À,08,2010,379636,37.74257945
98,¶n,§k,06,2008,381644,37.94221042
99,πq,´B,13,2007,383651,38.14174196
100,•[,§O,05,1967,385618,38.33729679
101,¨¸,¶œ,09,1929,387547,38.52907374
102,≠±,≠±,09,1914,389461,38.71935943
103,≥°,®∂,11,1902,391363,38.90845210
104,§G,§G,02,1899,393262,39.09724652
105,•¡,§Û,05,1884,395146,39.28454968
106,§u,§u,03,1883,397029,39.47175341
107,∂i,∆÷,12,1872,398901,39.65786355
108,•—,•–,05,1858,400759,39.84258184
109,æ˜,§Ï,16,1857,402616,40.02720071
110,≈È,∞©,23,1835,404451,40.20963239
111,´~,§f,09,1819,406270,40.39047339
112,© ,§ﬂ,08,1798,408068,40.56922661
113,∫ÿ,•›,14,1787,409855,40.74688623
114,µ•,¶À,12,1777,411632,40.92355168
115,®œ,§H,08,1775,413407,41.10001829
116,§∫,§J,04,1771,415178,41.27608723
117,≠´,®Ω,09,1754,416932,41.45046607
118,∂°,™˘,12,1733,418665,41.62275713
119,ßA,§H,07,1719,420384,41.79365635
120,¨€,•ÿ,09,1717,422101,41.96435673
121,™˜,™˜,08,1712,423813,42.13456002
122,≤£,•Õ,11,1707,425520,42.30426622
123,µL,§ı,12,1688,427208,42.47208348
124,§w,§v,03,1687,428895,42.63980132
125,•˛,§J,06,1686,430581,42.80741975
126,¶Ï,§H,07,1646,432227,42.97106146
127,µ€, J,12,1638,433865,43.13390784
128,æ«,§l,16,1631,435496,43.29605828
129,®√,§@,08,1626,437122,43.45771164
130,±°,§ﬂ,11,1617,438739,43.61847024
131,©Œ,§‡,08,1615,440354,43.77903000
132,§Î,§Î,04,1606,441960,43.93869500
133,®Æ,®Æ,07,1597,443557,44.09746524
134,¶X,§f,06,1595,445152,44.25603665
135,≠˚,§f,10,1594,446746,44.41450864
136,ºv,∆—,15,1593,448339,44.57288121
137,•h,∆…,05,1580,449919,44.72996135
138,§Ò,§Ò,04,1576,451495,44.88664381
139,™G,§Ï,08,1575,453070,45.04322686
140,•u,§f,05,1573,454643,45.19961108
141,πÍ,∆À,14,1567,456210,45.35539878
142,∑N,§ﬂ,13,1561,457771,45.51058999
143,¡Ÿ,∆÷,17,1557,459328,45.66538351
144,¨›,•ÿ,09,1550,460878,45.81948112
145,´◊,∆Œ,09,1540,462418,45.97258454
146,ßQ,§M,07,1528,463946,46.12449496
147,¨F,∆“,09,1521,465467,46.27570945
148,®«,§G,08,1519,466986,46.42672510
149,®‚,§J,08,1516,468502,46.57744250
150,∞_,®´,10,1505,470007,46.72706630
151,¥¡,§Î,12,1503,471510,46.87649127
152,§∆,§P,04,1483,472993,47.02392788
153,¶°,§|,06,1461,474454,47.16917730
154,•ÿ,•ÿ,05,1457,475911,47.31402905
155,´‹,…L,09,1448,477359,47.45798603
156,§≠,§G,04,1443,478802,47.60144593
157,¬I,∂¬,17,1438,480240,47.74440874
158,•q,§f,05,1430,481670,47.88657621
159,§∏,§I,04,1428,483098,48.02854484
160,ßÛ,§Í,07,1413,484511,48.16902221
161,¥£,§‚,12,1408,485919,48.30900248
162,™—,¶◊,08,1398,487317,48.44798858
163,¡`,¶Õ,17,1397,488714,48.58687526
164,≤Œ,¶Õ,11,1389,490103,48.72496660
165,¿≥,§ﬂ,17,1386,491489,48.86275968
166,•|,…I,05,1381,492870,49.00005567
167,•N,§H,05,1380,494250,49.13725225
168,§Ù,§Ù,04,1378,495628,49.27424999
169,®S,§Ù,07,1377,497005,49.41114832
170,•ø,§Ó,05,1375,498380,49.54784780
171,±`,§y,11,1374,499754,49.68444787
172,§J,§J,02,1372,501126,49.82084911
173,≥¯,§g,12,1372,502498,49.95725034
174,√ˆ,™˘,19,1364,503862,50.09285623
175,ßÎ,§‚,07,1337,505199,50.22577784
176,±q,…L,11,1333,506532,50.35830178
177,´h,§M,09,1331,507863,50.49062689
178,¶‹,¶‹,06,1327,509190,50.62255432
179,§Â,§Â,04,1324,510514,50.75418350
180,øÔ,∆÷,16,1310,511824,50.88442083
181,¶W,§f,06,1304,513128,51.01406165
182,™´,§˚,08,1298,514426,51.14310597
183,ØS,§˚,10,1285,515711,51.27085786
184,•‹,•‹,05,1273,516984,51.39741673
185,§‚,§‚,04,1269,518253,51.52357793
186,∑Q,§ﬂ,13,1269,519522,51.64973913
187,¶A,∆√,06,1267,520789,51.77570149
188,πD,∆÷,13,1259,522048,51.90086851
189,∆W,§Ù,25,1227,523275,52.02285417
190,≤ƒ,¶À,11,1223,524498,52.14444215
191,®C,§,07,1220,525718,52.26573187
192,º∆,∆“,15,1220,526938,52.38702160
193,®≠,®≠,07,1207,528145,52.50701890
194,ª˘,§H,15,1200,529345,52.62632027
195,´¸,§‚,09,1190,530535,52.74462746
196,•ﬂ,•ﬂ,05,1185,531720,52.86243757
197,¶∏,§Ì,06,1184,532904,52.98014825
198,®¸,§S,08,1171,534075,53.09656651
199,≠p,®•,09,1167,535242,53.21258709
200,∏Ù,®¨,13,1155,536397,53.32741466
201,§µ,§H,04,1150,537547,53.44174514
202,∑P,§ﬂ,13,1150,538697,53.55607562
203,®∫,®∂,07,1143,539840,53.66971018
204,¶ ,•’,06,1125,540965,53.78155521
205,∞›,§f,11,1124,542089,53.89330083
206,≈˝,®•,24,1123,543212,54.00494703
207,≥B, O,11,1120,544332,54.11629498
208,∞µ,§H,11,1117,545449,54.22734467
209,µ{,•›,12,1114,546563,54.33809611
210,¶o,§k,06,1111,547674,54.44854930
211,¶U,§f,06,1103,548777,54.55820714
212,≠Ï,…D,10,1103,549880,54.66786498
213,ºÀ,§Ï,15,1096,550976,54.77682690
214,§÷,§p,04,1092,552068,54.88539115
215,≥Q,¶Á,11,1092,553160,54.99395540
216,∞”,§f,11,1083,554243,55.10162488
217,•Ù,§H,06,1078,555321,55.20879728
218,Æi,§r,10,1076,556397,55.31577085
219,ªÚ,≥¬,14,1074,557471,55.42254557
220,æ…,§o,16,1059,558530,55.52782903
221,´ÿ,∆œ,09,1058,559588,55.63301308
222,∞œ,∆«,11,1054,560642,55.73779945
223,≥],®•,11,1053,561695,55.84248640
224,∂q,®Ω,12,1050,562745,55.94687510
225,∏˚,®Æ,13,1049,563794,56.05116438
226,∏U,…®,13,1044,564838,56.15495657
227,º÷,§Ï,15,1044,565882,56.25874877
228,•_,§P,05,1038,566920,56.36194445
229,¨°,§Ù,09,1028,567948,56.46414596
230,§~,§‚,03,1021,568969,56.56565154
231,±µ,§‚,11,1013,569982,56.66636179
232,√D,≠∂,18,1012,570994,56.76697261
233,§E,§A,02,1009,572003,56.86728518
234,§v,§v,03,1008,573011,56.96749833
235,∫t,§Ù,14,1007,574018,57.06761206
236,§k,§k,03,1000,575018,57.16702987
237,¶‚,¶‚,06,997,576015,57.26614943
238,´O,§H,09,997,577012,57.36526898
239,≥N,¶Ê,11,995,578007,57.46418971
240,§ª,§K,04,990,578997,57.56261334
241,¶^,…I,06,986,579983,57.66063930
242,ßO,§M,07,981,580964,57.75816817
243,≤y,•…,11,980,581944,57.85559762
244,§˘,§˘,04,977,582921,57.95272882
245,πB,∆÷,13,976,583897,58.04976060
246,≥q,∆÷,11,974,584871,58.14659355
247,ª{,®•,14,969,585840,58.24292941
248,•º,§Ï,05,968,586808,58.33916584
249,π≥,§H,14,965,587773,58.43510403
250,¶Û,§H,07,963,588736,58.53084338
251,Æ,…a,10,961,589697,58.62638390
252,∞Ú,§g,11,961,590658,58.72192441
253,™Ò,∆÷,08,959,591617,58.81726609
254,Ω’,®•,15,957,592574,58.91240893
255,©˙,§È,08,954,593528,59.00725352
256,¿Y,≠∂,16,952,594480,59.10189928
257,∫ﬁ,¶À,14,948,595428,59.19614736
258,§K,§K,02,946,596374,59.29019661
259,≥\,®•,11,942,597316,59.38384819
260,∞»,§O,11,940,598256,59.47730093
261,∞O,®•,10,939,599195,59.57065425
262,≈‹,®•,23,933,600128,59.66341106
263,∏—,®§,13,932,601060,59.75606846
264,µe,•–,12,919,601979,59.84743343
265,∏”,®•,13,917,602896,59.93859956
266,™æ,•⁄,08,916,603812,60.02966627
267,•Ê,∆¬,06,912,604724,60.12033532
268,∆[,®£,25,911,605635,60.21090494
269,πF,∆÷,13,910,606545,60.30137515
270,¶V,§f,06,908,607453,60.39164652
271,¶—,¶—,06,906,608359,60.48171905
272,§C,§@,02,898,609257,60.57099625
273,≥y,∆÷,11,897,610154,60.66017402
274,´¨,§g,09,895,611049,60.74915296
275,ƒ“,∂¬,20,895,611944,60.83813190
276,µ≤,¶Õ,12,894,612838,60.92701142
277,¿Á,§ı,17,893,613731,61.01579152
278,™F,§Ï,08,887,614618,61.10397512
279,Æ¸,§Ù,10,881,615499,61.19156221
280,∞£,™˙,10,881,616380,61.27914930
281,ßY,∆»,07,880,617260,61.36663697
282,•≠,§z,05,877,618137,61.45382639
283,•˝,§I,06,876,619013,61.54091639
284,•¥,§‚,05,875,619888,61.62790698
285,§S,§S,02,870,620758,61.71440047
286,•@,§@,05,866,621624,61.80049629
287,¶w,∆À,06,862,622486,61.88619445
288,≠∑,≠∑,09,858,623344,61.97149493
289,æ‘,§‡,16,853,624197,62.05629832
290,ßΩ,§r,07,851,625048,62.14090287
291,±–,∆“,11,848,625896,62.22520918
292,•B,§@,05,846,626742,62.30931664
293,∞|,™˙,10,846,627588,62.39342411
294,ßÔ,∆“,07,840,628428,62.47693507
295,•≤,§ﬂ,05,839,629267,62.56034661
296,§f,§f,03,831,630098,62.64296281
297,ßi,§f,07,831,630929,62.72557901
298,¥µ,§Á,12,828,631757,62.80789696
299,™≈,•ﬁ,08,826,632583,62.89001607
300,≠µ,≠µ,09,825,633408,62.97203576
301,Øu,•ÿ,10,825,634233,63.05405545
302,™L,§Ï,08,821,635054,63.13567747
303,´H,§H,09,817,635871,63.21690182
304,µ¯,®£,12,817,636688,63.29812617
305,ΩË,®©,15,815,637503,63.37915169
306,§”,§j,04,814,638317,63.46007778
307,≥Ê,§f,12,814,639131,63.54100388
308,¶@,§K,06,813,639944,63.62183056
309,®D,§Ù,07,810,640754,63.70235899
310,¨…,•–,09,809,641563,63.78278799
311,´˘,§‚,09,808,642371,63.86311758
312,≥s,∆÷,11,806,643177,63.94324834
313,§œ,§S,04,802,643979,64.02298142
314,™Ω,•ÿ,08,802,644781,64.10271450
315,´o,∆»,09,800,645581,64.18224875
316,ßπ,∆À,07,799,646380,64.26168358
317,±j,§},11,799,647179,64.34111841
318,´D,´D,08,790,647969,64.41965848
319,ß‚,§‚,07,789,648758,64.49809913
320,∂§,™˙,12,786,649544,64.57624153
321,®£,®£,07,780,650324,64.65378742
322,≤v,•»,11,778,651102,64.73113448
323,∏Ã,¶Á,13,776,651878,64.80828270
324,≤’,¶Õ,11,775,652653,64.88533150
325,•Û,§H,06,772,653425,64.96208205
326,¥X,∆Õ,12,772,654197,65.03883260
327,§h,§h,03,771,654968,65.11548373
328,®„,§K,08,770,655738,65.19203544
329,¨˘,¶Õ,09,770,656508,65.26858715
330,∏‹,®•,13,769,657277,65.34503945
331,æ„,∆“,16,765,658042,65.42109407
332,•\,§O,05,764,658806,65.49704928
333,∞®,∞®,10,758,659564,65.57240798
334,•˙,§I,06,755,660319,65.64746842
335,Æe,∆À,10,751,661070,65.72213120
336,º–,§Ï,15,748,661818,65.79649572
337,ßŒ,∆—,07,746,662564,65.87066141
338,©Ò,∆“,08,745,663309,65.94472767
339,ÆÊ,§Ï,10,745,664054,66.01879394
340,ª›,´B,14,743,664797,66.09266137
341,∂«,§H,13,742,665539,66.16642939
342,©π,…L,08,737,666276,66.23970031
343,±i,§},11,734,667010,66.31267299
344,¶¨,∆“,06,733,667743,66.38554624
345,™A,§Î,08,732,668475,66.45832008
346,•¶,∆À,05,729,669204,66.53079566
347,±Ê,§Î,11,726,669930,66.60297299
348,ƒ±,®£,20,723,670653,66.67485207
349,±M,§o,11,721,671374,66.74653231
350,µπ,¶Õ,12,720,672094,66.81811313
351,¶Ë, P,06,717,672811,66.88939570
352,´K,§H,09,717,673528,66.96067827
353,∏£,¶◊,13,716,674244,67.03186142
354,Æv,§y,10,713,674957,67.10274632
355,ƒ≥,®•,20,711,675668,67.17343238
356,Æ◊,§Ï,10,709,676377,67.24391961
357,µÿ, J,12,708,677085,67.31430742
358,ßJ,§I,07,704,677789,67.38429755
359,•t,§f,05,696,678485,67.45349235
360,©ˆ,§È,08,695,679180,67.52258773
361,√˛,≠∂,19,694,679874,67.59158369
362,¨y,§Ù,09,693,680567,67.66048023
363,§s,§s,03,692,681259,67.72927735
364,πŒ,…I,14,690,681949,67.79787564
365,Ωu,¶Õ,15,690,682639,67.86647393
366,§¥,§H,04,685,683324,67.93457513
367,™˘,™˘,08,677,684001,68.00188098
368,∂O,®©,12,677,684678,68.06918684
369,´n,§Q,09,675,685353,68.13629386
370,Æƒ,∆“,10,673,686026,68.20320205
371,≤º,•‹,11,672,686698,68.27001082
372,¡ˆ,´A,17,671,687369,68.33672017
373,∂H,®®,12,669,688038,68.40323068
374,©≤,∆Œ,08,668,688706,68.46964178
375,øÏ,®Ø,16,668,689374,68.53605287
376,±a,§y,11,664,690038,68.60206630
377,®•,®•,07,662,690700,68.66788089
378,ª⁄,™˙,14,662,691362,68.73369548
379,´»,∆À,09,661,692023,68.79941065
380,ºt,∆Œ,15,655,692678,68.86452932
381,Æ∆,§Ê,10,653,693331,68.92944915
382,√¿, J,19,651,693982,68.99417014
383,§ﬁ,§},04,650,694632,69.05879172
384,®Ó,§M,08,649,695281,69.12331387
385,≈„,≠∂,23,648,695929,69.18773661
386,Æ—,§Í,10,646,696575,69.25196052
387,•],∆∆,05,645,697220,69.31608501
388,¬‡,®Æ,18,642,697862,69.37991124
389,≥∆,§H,12,641,698503,69.44363806
390,™·, J,08,636,699139,69.50686778
391,®t,¶Õ,07,634,699773,69.56989867
392,±¿,§‚,11,632,700405,69.63273073
393,®M,§Ù,07,627,701032,69.69506570
394,∫Î,¶Ã,14,627,701659,69.75740066
395,ºw,…L,15,627,702286,69.81973563
396,æ⁄,§‚,16,623,702909,69.88167292
397,≤M,§Ù,11,622,703531,69.94351080
398,®´,®´,07,620,704151,70.00514984
399,≤≥,•ÿ,11,619,704770,70.06668947
400,∏À,¶Á,13,619,705389,70.12822909
401,≥W,®£,11,614,706003,70.18927163
402,¨d,§Ï,09,613,706616,70.25021474
403,≥∞,™˙,11,612,707228,70.31105844
404,ßC,§H,07,609,707837,70.37160389
405,ºs,∆Œ,15,609,708446,70.43214933
406,®—,§H,08,608,709054,70.49259536
407,√¯,´A,19,608,709662,70.55304139
408,Øf,∆‘,10,606,710268,70.61328858
409,∞],®©,10,605,710873,70.67343636
410,≥Ø,™˙,11,601,711474,70.73318646
411,ßı,§Ï,07,600,712074,70.79283715
412,®‡,§I,08,599,712673,70.85238841
413,™¿,•‹,08,598,713271,70.91184026
414,≥–,§M,12,597,713868,70.97119270
415,πw,≠∂,13,594,714462,71.03024687
416,≈v,§Ï,22,590,715052,71.08890338
417,∞T,®•,10,589,715641,71.14746047
418,ºW,§g,15,588,716229,71.20591814
419,®“,§H,08,586,716815,71.26417698
420,©–,§·,08,586,717401,71.32243582
421,ßﬁ,§‚,07,584,717985,71.38049582
422,∂R,®©,12,584,718569,71.43855582
423,©l,§k,08,582,719151,71.49641698
424,ªı,§H,15,578,719729,71.55388048
425,™v,§Ù,08,576,720305,71.61114513
426,∏q,¶œ,13,575,720880,71.66831037
427,≈T,≠µ,21,575,721455,71.72547561
428,§∞,§H,04,574,722029,71.78254144
429,≤¥,•ÿ,11,574,722603,71.83960726
430,¡|,¶›,17,574,723177,71.89667308
431,Ø´,•‹,10,571,723748,71.95344065
432,≠π,≠π,09,570,724318,72.01010880
433,πC,∆÷,13,570,724888,72.06677695
434,Æ¯,§Ù,10,569,725457,72.12334569
435,¿Ú,§¸,17,568,726025,72.17981500
436,∑R,§ﬂ,13,566,726591,72.23608548
437,æπ,§f,16,566,727157,72.29235596
438,¥ø,§Í,12,565,727722,72.34852703
439,ª»,™˜,14,564,728286,72.40459867
440,ß÷,§ﬂ,07,562,728848,72.46047148
441,•’,•’,05,561,729409,72.51624487
442,®˙,§S,08,561,729970,72.57201826
443,ƒ·,§‚,21,561,730531,72.62779165
444,§d,§Q,03,558,731089,72.68326679
445,§˝,•…,04,558,731647,72.73874193
446,ß∆,§y,07,558,732205,72.79421706
447,∞t,®ª,10,554,732759,72.84929453
448,Ω◊,®•,15,552,733311,72.90417316
449,¶Ì,§H,07,551,733862,72.95895237
450,∑«,§Ù,13,550,734412,73.01363217
451,∂∑,≠∂,12,548,734960,73.06811313
452,∂’,§O,13,547,735507,73.12249467
453,≠»,§H,10,546,736053,73.17677680
454,®»,§G,08,545,736598,73.23095950
455,∂∞,´A,12,545,737143,73.28514221
456,∫°,§Ù,14,545,737688,73.33932491
457,ƒÚ,¶Õ,21,543,738231,73.39330878
458,∞—,∆…,11,542,738773,73.44719324
459,¿Ù,•…,17,542,739315,73.50107769
460,ΩT,•€,15,541,739856,73.55486272
461,¶“,¶—,06,538,740394,73.60834951
462,¨P,§È,09,536,740930,73.66163745
463,ª‚,≠∂,14,535,741465,73.71482598
464,©e,§k,08,534,741999,73.76791509
465,®B,§Ó,07,533,742532,73.82090478
466,§Õ,§S,04,532,743064,73.87379506
467,¥‰,§Ù,12,532,743596,73.92668533
468,∏`,¶À,13,532,744128,73.97957561
469,•˜,§H,06,531,744659,74.03236646
470,¬Â,®ª,18,530,745189,74.08505790
471,≠x,®Æ,09,529,745718,74.13764992
472,§‰,§‰,04,525,746243,74.18984427
473,∂µ,≠∂,12,525,746768,74.24203862
474,øÀ,®£,16,521,747289,74.29383530
475,•¯,§H,06,520,747809,74.34553256
476,ø˙,™˜,16,519,748328,74.39713040
477,§g,§g,03,516,748844,74.44842999
478,•¢,§j,05,513,749357,74.49943133
479,®§,®§,07,511,749868,74.55023383
480,™ß,§ˆ,08,510,750378,74.60093691
481,ª¥,®Æ,14,509,750887,74.65154058
482,¨„,•€,09,507,751394,74.70194541
483,≥t,∆÷,11,507,751901,74.75235024
484,¶C,§M,06,506,752407,74.80265565
485,ªs,¶Á,14,506,752913,74.85296106
486,•d,§R,05,505,753418,74.90316705
487,¶s,§l,06,505,753923,74.95337305
488,¡n,¶’,17,504,754427,75.00347962
489,®k,•–,07,503,754930,75.05348678
490,≠^, J,09,501,755431,75.10329510
491,∫Ù,¶Õ,14,500,755931,75.15300401
492,ßU,§O,07,499,756430,75.20261350
493,±∆,§‚,11,499,756929,75.25222298
494,Ø≈,¶Õ,10,496,757425,75.30153422
495,≥f,®©,11,496,757921,75.35084545
496,ø≥,¶›,16,492,758413,75.39975901
497,ß_,§f,07,489,758902,75.44837432
498,•b,§Q,05,488,759390,75.49689021
499,æP,™˜,15,488,759878,75.54540610
500,∑”,§ı,13,487,760365,75.59382258
501,Ω–,®•,15,487,760852,75.64223905
502,Æ⁄,§Ï,10,486,761338,75.69055610
503,©≥,∆Œ,08,485,761823,75.73877374
504,∑•,§Ï,13,485,762308,75.78699138
505,π“,§g,14,484,762792,75.83510960
506,¥∫,§È,12,482,763274,75.88302898
507,ºˆ,§ı,15,482,763756,75.93094837
508,≠P,¶‹,09,481,764237,75.97876833
509,º@,§M,15,481,764718,76.02658830
510,≠ª,≠ª,09,480,765198,76.07430885
511,¨Ï,•›,09,479,765677,76.12192998
512,≠‘,§H,10,479,766156,76.16955111
513,≤`,§Ù,11,479,766635,76.21717224
514,πœ,…I,14,478,767113,76.26469395
515,™p,§Ù,08,477,767590,76.31211625
516,∫‚,¶À,14,475,768065,76.35933971
517,¡p,¶’,17,475,768540,76.40656317
518,√“,®•,19,474,769014,76.45368721
519,©±,∆Œ,08,473,769487,76.50071183
520,ØÎ,¶‡,10,469,769956,76.54733878
521,•O,§H,05,465,770421,76.59356807
522,≠Y, J,09,465,770886,76.63979735
523,¿∏,§‡,17,465,771351,76.68602663
524,∂W,®´,12,464,771815,76.73215649
525,´ƒ,§l,09,463,772278,76.77818694
526,ƒµ,®•,20,463,772741,76.82421738
527,¶≠,§È,06,453,773194,76.86925365
528,¬æ,¶’,18,452,773646,76.91419050
529,∫∏,§¯,14,451,774097,76.95902793
530,¡…,®©,17,451,774548,77.00386536
531,¥⁄,§Ì,12,450,774998,77.04860338
532,ƒ›,§r,21,450,775448,77.09334139
533,¨q,…_,09,447,775895,77.13778115
534,§¡,§M,04,444,776339,77.18192266
535,≈Á,∞®,23,443,776782,77.22596475
536,©R,§f,08,441,777223,77.26980800
537,™¨,§¸,08,441,777664,77.31365126
538,≠∫,≠∫,09,441,778105,77.35749451
539,∂Ø,´A,12,441,778546,77.40133777
540,∂¿,∂¿,12,439,778985,77.44498218
541,®s,•ﬁ,07,438,779423,77.48852718
542,∂È,…I,13,438,779861,77.53207219
543,¥´,§‚,12,437,780298,77.57551777
544,∏π, O,13,437,780735,77.61896335
545,ΩÊ,®©,15,436,781171,77.66230952
546,¨∆,•Ã,09,435,781606,77.70555626
547,∫A,§ﬂ,14,435,782041,77.74880301
548,¥I,∆À,12,434,782475,77.79195034
549,®˝,§f,08,431,782906,77.83479941
550,©¿,§ﬂ,08,430,783336,77.87754907
551,¿Ÿ,§Ù,17,429,783765,77.92019931
552,ßK,§I,07,427,784192,77.96265072
553,≤ﬂ,¶–,11,427,784619,78.00510212
554,¨Q,§È,09,425,785044,78.04735469
555,®Ã,§H,08,424,785468,78.08950784
556,¨Ÿ,•ÿ,09,424,785892,78.13166099
557,¶r,§l,06,419,786311,78.17331706
558,¿H,™˙,16,419,786730,78.21497312
559,•G,∆¿,05,418,787148,78.25652976
560,¡ ,®©,17,418,787566,78.29808641
561,ß‰,§‚,07,416,787982,78.33944421
562,¨ˆ,¶Õ,09,415,788397,78.38070261
563,≥ﬂ,§f,12,413,788810,78.42176216
564,ª∑,∆÷,14,413,789223,78.46282172
565,≥n,®Æ,11,412,789635,78.50378185
566,¬˜,´A,19,412,790047,78.54474199
567,∏®, J,13,411,790458,78.58560271
568,¨w,§Ù,09,405,790863,78.62586692
569,¨ı,¶Õ,09,404,791267,78.66603172
570,•¨,§y,05,403,791670,78.70609710
571,æA,∆÷,15,403,792073,78.74616247
572,∑Ω,§Ù,13,402,792475,78.78612843
573,ºh,§r,15,399,792874,78.82579614
574,§…,§Q,04,398,793272,78.86536443
575,µ|,•›,12,396,793668,78.90473388
576,øn,•›,16,396,794064,78.94410333
577,¿ª,§‚,17,395,794459,78.98337337
578,¶∫,§Ô,06,394,794853,79.02254398
579,®¨,®¨,07,394,795247,79.06171460
580,©‘,§‚,08,393,795640,79.10078580
581,ø§,¶Õ,16,393,796033,79.13985700
582,¬_,§Á,18,393,796426,79.17892820
583,Ø¿,¶Õ,10,392,796818,79.21789998
584,¿u,§H,17,391,797209,79.25677234
585,º“,§Ï,15,389,797598,79.29544587
586,√‰,∆÷,19,389,797987,79.33411940
587,∞˜,§i,11,387,798374,79.37259409
588,•v,§f,05,385,798759,79.41086995
589,Æß,§ﬂ,10,385,799144,79.44914580
590,∫÷,•‹,14,384,799528,79.48732224
591,¬˘,´A,18,384,799912,79.52549868
592,∫c,§Ï,14,383,800295,79.56357570
593,®æ,™˙,07,382,800677,79.60155330
594,¿I,™˙,16,382,801059,79.63953091
595,∞‚,§f,11,381,801440,79.67740909
596,¶±,§Í,06,380,801820,79.71518786
597,´Y,§H,09,380,802200,79.75296663
598,≈@,®•,21,378,802578,79.79054656
599,©~,§r,08,377,802955,79.82802707
600,©u,§l,08,376,803331,79.86540817
601,∏’,®•,13,376,803707,79.90278927
602,™`,§Ù,08,374,804081,79.93997153
603,Æy,∆Œ,10,374,804455,79.97715379
604,ß˜,§Ï,07,373,804828,80.01423663
605,©x,∆À,08,373,805201,80.05131947
606,≈w,§Ì,22,373,805574,80.08840232
607,±¯,§Ï,11,372,805946,80.12538574
608,∞s,®ª,10,370,806316,80.16217033
609,•¿,§,05,369,806685,80.19885550
610,¶Y,§f,06,369,807054,80.23554067
611,±ƒ,§‚,11,369,807423,80.27222585
612,Æt,§u,10,368,807791,80.30881160
613,µ¥,¶Õ,12,368,808159,80.34539735
614,™©,§˘,08,367,808526,80.38188369
615,ƒY,§f,20,367,808893,80.41837003
616,¶¸,§H,07,366,809259,80.45475694
617,¿£,§g,17,365,809624,80.49104444
618,ΩÕ,®•,15,363,809987,80.52713311
619,≈•,¶’,22,363,810350,80.56322177
620,™Ï,¶Á,08,362,810712,80.59921102
621,ƒı, J,21,362,811074,80.63520027
622,ß°,§g,07,361,811435,80.67109010
623,®Œ,§H,08,359,811794,80.70678109
624,®Ω,®Ω,07,358,812152,80.74237267
625,Ωm,¶Õ,15,358,812510,80.77796424
626,√—,®•,19,358,812868,80.81355582
627,´‰,§ﬂ,09,357,813225,80.84904798
628,¥Ó,§Ù,12,357,813582,80.88454013
629,¿],≠π,16,357,813939,80.92003229
630,µn,∆’,12,356,814295,80.95542503
631,∏s,¶œ,13,356,814651,80.99081777
632,¿À,§Ï,17,356,815007,81.02621051
633,∂»,§H,13,353,815360,81.06130500
634,™i,§Ù,08,352,815712,81.09630007
635,∑≥,§Ó,13,352,816064,81.13129514
636,©Á,§‚,08,351,816415,81.16619079
637,≠≠,™˙,09,351,816766,81.20108644
638,•€,•€,05,350,817116,81.23588267
639,®|,¶◊,07,350,817466,81.27067890
640,√π, I,19,350,817816,81.30547514
641,≠t,®©,09,349,818165,81.34017195
642,√ƒ, J,19,349,818514,81.37486877
643,æ‹,§‚,16,348,818862,81.40946617
644,©P,§f,08,347,819209,81.44396415
645,∏m, I,13,346,819555,81.47836271
646,§·,§·,04,344,819899,81.51256243
647,∂¬,∂¬,12,344,820243,81.54676216
648,æi,≠π,15,344,820587,81.58096189
649,≈™,®•,22,343,820930,81.61506220
650,¶L,∆»,06,341,821271,81.64896367
651,™o,§Ù,08,341,821612,81.68286514
652,∫Ÿ,•›,14,341,821953,81.71676661
653,•÷,•÷,05,339,822292,81.75046925
654,≠∏,≠∏,09,339,822631,81.78417189
655,≈U,≠∂,21,338,822969,81.81777511
656,ªy,®•,14,335,823304,81.85108008
657,´›,…L,09,334,823638,81.88428562
658,≤”,¶Õ,11,334,823972,81.91749117
659,∞∑,§H,11,332,824304,81.95049788
660,¶Â,¶Â,06,331,824635,81.98340518
661,µß,¶À,12,331,824966,82.01631247
662,øW,§¸,16,331,825297,82.04921977
663,±K,∆À,11,328,825625,82.08182881
664,¨I,§Ë,09,327,825952,82.11433843
665,´«,∆À,09,324,826276,82.14654980
666,ø˘,™˜,16,324,826600,82.17876117
667,≥z,∆÷,11,323,826923,82.21087313
668,Ωs,¶Õ,15,322,827245,82.24288566
669,±⁄,§Ë,11,319,827564,82.27459994
670,∫˚,¶Õ,14,319,827883,82.30631422
671,√B,≠∂,18,319,828202,82.33802851
672,≠◊,§H,10,318,828520,82.36964337
673,≥d,®©,11,317,828837,82.40115881
674,æ·,§‚,16,317,829154,82.43267426
675,ø˝,™˜,16,317,829471,82.46418971
676,§ı,§ı,04,316,829787,82.49560573
677,µP,§˘,12,316,830103,82.52702176
678,Ød,•–,10,315,830418,82.55833837
679,µ¶,¶À,12,315,830733,82.58965498
680,∞≤,§H,11,314,831047,82.62087217
681,°≥,…I,01,313,831360,82.65198995
682,¨A,§‚,09,312,831672,82.68300830
683,®Ë,§M,08,310,831982,82.71382782
684,Øq,•◊,10,310,832292,82.74464735
685,æl,≠π,15,310,832602,82.77546687
686,§»,§Q,04,309,832911,82.80618697
687,µΩ,¶œ,12,307,833218,82.83670824
688,πA,®∞,13,305,833523,82.86703067
689,¨G,∆“,09,304,833827,82.89725368
690,§Ó,§Ó,04,303,834130,82.92737728
691,©_,§j,08,303,834433,82.95750087
692,∑U,§ﬂ,13,303,834736,82.98762447
693,™O,§Ï,08,301,835037,83.01754923
694,Æ≥,§‚,10,301,835338,83.04747399
695,™B,§Î,08,300,835638,83.07729934
696,≤◊,¶Õ,11,300,835938,83.10712468
697,¥_,…L,12,299,836237,83.13685060
698,∏…,¶Á,13,299,836536,83.16657653
699,®Û,§Q,08,297,836833,83.19610362
700,•,§H,06,296,837129,83.22553129
701,±d,∆Œ,11,296,837425,83.25495896
702,∏Ú,®¨,13,296,837721,83.28438663
703,¬¯,´A,18,295,838016,83.31371489
704,•R,§I,05,294,838310,83.34294372
705,•ß,§r,05,294,838604,83.37217256
706,¿\,≠π,16,294,838898,83.40140139
707,Æ»,§Ë,10,293,839191,83.43053081
708,∞e,∆÷,10,293,839484,83.45966023
709,ßl,§f,07,292,839776,83.48869023
710,≤ß,•–,11,292,840068,83.51772023
711,•Á,∆¬,06,291,840359,83.54665081
712,¿s,¿s,16,291,840650,83.57558140
713,∂V,®´,12,290,840940,83.60441256
714,ªR,¶ﬂ,14,290,841230,83.63324372
715,™±,•…,08,288,841518,83.66187605
716,∞l,∆÷,10,288,841806,83.69050838
717,ºg,∆À,15,288,842094,83.71914071
718,ƒ~,¶Õ,20,288,842382,83.74777304
719,Ω√,¶Ê,15,287,842669,83.77630595
720,Ω“,®•,15,286,842955,83.80473945
721,´¬,§k,09,284,843239,83.83297410
722,ØZ,•…,10,284,843523,83.86120876
723,§[,∆¿,03,283,843806,83.88934400
724,§˜,§˜,04,283,844089,83.91747924
725,Æ’,§Ï,10,283,844372,83.94561448
726,¨v,§Ù,09,282,844654,83.97365030
727,µu,•⁄,12,282,844936,84.00168613
728,πÓ,∆À,14,282,845218,84.02972195
729,∞h,∆÷,10,280,845498,84.05755893
730,ƒv,•ﬂ,20,280,845778,84.08539592
731,´C,´C,08,279,846057,84.11313349
732,≠∞,™˙,09,279,846336,84.14087106
733,¬≤,¶À,18,279,846615,84.16860863
734,ƒ_,∆À,20,278,846893,84.19624678
735,Ø},•€,10,277,847170,84.22378551
736,•j,§f,05,275,847445,84.25112541
737,∞ı,§g,11,274,847719,84.27836589
738,øƒ,¶‰,16,274,847993,84.30560637
739,¡{,¶⁄,17,272,848265,84.33264801
740,∫q,§Ì,14,271,848536,84.35959024
741,®},¶·,07,270,848806,84.38643305
742,∞∆,§M,11,270,849076,84.41327586
743,π∫,§M,14,270,849346,84.44011867
744,º˙,§¸,15,270,849616,84.46696147
745,ΩL,•◊,15,269,849885,84.49370486
746,∑≈,§Ù,13,268,850153,84.52034884
747,µ˚,®•,12,267,850420,84.54689339
748,ƒ@,≠∂,19,267,850687,84.57343795
749,¨,•ﬁ,09,266,850953,84.59988308
750,±±,§‚,11,266,851219,84.62632822
751,≥Ω,≥Ω,11,266,851485,84.65277336
752,ØË,¶‡,10,264,851749,84.67901966
753,µÊ, J,12,264,852013,84.70526596
754,©§,§s,08,263,852276,84.73141285
755,∂D,®•,12,263,852539,84.75755973
756,ºB,§M,15,259,852798,84.78330894
757,∞Q,®•,10,258,853056,84.80895874
758,≠W, J,09,257,853313,84.83450911
759,≥”,§O,12,257,853570,84.86005949
760,¡Z,¶Õ,17,257,853827,84.88560987
761,∞±,§H,11,255,854082,84.91096141
762,∫•,§Ù,14,255,854337,84.93631295
763,©”,§‚,08,254,854591,84.96156507
764,§Ú,§Ú,04,253,854844,84.98671778
765,∞g,∆÷,10,253,855097,85.01187049
766,∫¶,§Ù,14,253,855350,85.03702319
767,∫a,§Ï,14,252,855602,85.06207648
768,æ˙,§Ó,16,251,855853,85.08703035
769,¨K,§È,09,250,856103,85.11188480
770,Øg,∆‘,10,250,856353,85.13673925
771,Ø∏,•ﬂ,10,250,856603,85.16159371
772,¥˙,§Ù,12,250,856853,85.18644816
773,Ø«,¶Õ,10,249,857102,85.21120319
774,øÈ,®Æ,16,249,857351,85.23595823
775,¡¬,®•,17,249,857600,85.26071326
776,¶◊,¶◊,06,248,857848,85.28536888
777,¡ø,®•,17,248,858096,85.31002450
778,≤æ,•›,11,247,858343,85.33458070
779,±ﬂ,§È,11,246,858589,85.35903748
780,•™,§u,05,244,858833,85.38329542
781,ßt,§f,07,244,859077,85.40755337
782,™Z,§Ó,08,244,859321,85.43181131
783,™¸,™˙,08,244,859565,85.45606926
784,ΩÏ,®´,15,244,859809,85.48032720
785,¿∞,§y,17,244,860053,85.50458515
786,§∂,§H,04,243,860296,85.52874368
787,§Ï,§Ï,04,243,860539,85.55290220
788,±z,§ﬂ,11,243,860782,85.57706073
789,∂À,§H,13,243,861025,85.60121926
790,ºu,§},15,243,861268,85.62537779
791,´∞,§g,09,242,861510,85.64943690
792,¨V,§Ï,09,242,861752,85.67349601
793,µ™,¶À,12,241,861993,85.69745570
794,ªD,¶’,14,241,862234,85.72141539
795,Ø ,¶Œ,10,240,862474,85.74527567
796,ƒR,≥¿,19,240,862714,85.76913594
797,©p,§k,08,239,862953,85.79289680
798,¨Y,§Ï,09,239,863192,85.81665765
799,∞€,§f,11,239,863431,85.84041851
800,≠À,§H,10,238,863669,85.86407995
801,æ÷,§‚,16,238,863907,85.88774139
802,§˚,§˚,04,237,864144,85.91130341
803,•k,§f,05,237,864381,85.93486543
804,™˛,™˙,08,237,864618,85.95842745
805,≥•,®Ω,11,237,864855,85.98198947
806,¥T,§y,12,237,865092,86.00555149
807,§⁄,§v,04,236,865328,86.02901409
808,µw,•€,12,236,865564,86.05247670
809,∂m,®∂,12,236,865800,86.07593930
810,∫Ú,¶Õ,14,236,866036,86.09940190
811,º⁄,§Ì,15,236,866272,86.12286451
812,©O,§f,08,233,866505,86.14602886
813,¥Œ,§Ï,12,232,866737,86.16909379
814,¡◊,∆÷,17,232,866969,86.19215872
815,©|,§p,08,231,867200,86.21512423
816,Æ`,∆À,10,231,867431,86.23808975
817,§“,§j,04,229,867660,86.26085642
818,•√,§Ù,05,228,867888,86.28352369
819,¨£,§Ù,09,227,868115,86.30609153
820,ÆM,§j,10,227,868342,86.32865937
821,¬◊,®ß,18,227,868569,86.35122721
822,©y,∆À,08,226,868795,86.37369564
823,Ø»,¶Õ,10,226,869021,86.39616406
824,§◊,§q,04,225,869246,86.41853307
825,¶ø,§Ù,06,225,869471,86.44090208
826,≠I,¶◊,09,225,869696,86.46327108
827,≤§,•–,11,225,869921,86.48564009
828,ß‹,§‚,07,224,870145,86.50790968
829,≥“,§O,12,224,870369,86.53017927
830,∑L,…L,13,224,870593,86.55244886
831,√≠,•›,19,223,870816,86.57461903
832,´Œ,§r,09,221,871037,86.59659037
833,´≈,∆À,09,220,871257,86.61846228
834,∞Æ,§A,11,220,871477,86.64033420
835,∫√,•‘,14,220,871697,86.66220612
836,¥∂,§È,12,219,871916,86.68397862
837,∂g,∆÷,12,219,872135,86.70575112
838,ºØ,§‚,15,219,872354,86.72752362
839,Ø∫,¶À,10,218,872572,86.74919670
840,πÙ,§y,14,218,872790,86.77086979
841,¶u,∆À,06,217,873007,86.79244345
842,®…,∆¬,08,217,873224,86.81401712
843,¨Ô,•ﬁ,09,217,873441,86.83559078
844,∞V,®•,10,217,873658,86.85716445
845,º”,§Ï,15,215,873873,86.87853927
846,∂¯,§j,13,214,874087,86.89981469
847,≥’,§Q,12,213,874300,86.92099068
848,ßd,§f,07,212,874512,86.94206725
849,µh,∆‘,12,212,874724,86.96314383
850,©I,§f,08,211,874935,86.98412099
851,≠q,®•,09,211,875146,87.00509815
852,Æg,§o,10,211,875357,87.02607530
853,≥Ú,…I,12,211,875568,87.04705246
854,¥M,§o,12,211,875779,87.06802962
855,∫…,•◊,14,211,875990,87.08900678
856,≠z,∆÷,09,210,876200,87.10988452
857,ß,∆“,07,209,876409,87.13066284
858,∂∫,≠π,12,209,876618,87.15144116
859,∑Á,•…,13,209,876827,87.17221948
860,∂],®¨,12,208,877035,87.19289839
861,∂ß,™˙,12,208,877243,87.21357729
862,¿…,§Ï,17,208,877451,87.23425620
863,¿¯,∆‘,17,208,877659,87.25493510
864,¬¥,¶Õ,18,208,877867,87.27561400
865,´Ê,§ﬂ,09,207,878074,87.29619349
866,∂≈,§H,13,207,878281,87.31677298
867,¬√, J,18,207,878488,87.33735246
868,¬Ì,™˜,18,207,878695,87.35793195
869,√h,§ﬂ,19,207,878902,87.37851144
870,ßP,§M,07,206,879108,87.39899151
871,≥v,∆÷,11,206,879314,87.41947157
872,∞w,™˜,10,205,879519,87.43985223
873,±º,§‚,11,205,879724,87.46023288
874,Ω˜,®Æ,15,205,879929,87.48061353
875,æD,∆÷,15,205,880134,87.50099418
876,ß¯,§Ï,07,204,880338,87.52127541
877,´ﬂ,…L,09,204,880542,87.54155664
878,≠Ë,§M,10,204,880746,87.56183788
879,∂^,®¨,12,203,880949,87.58201969
880,æﬁ,§‚,16,203,881152,87.60220151
881,§¨,§G,04,202,881354,87.62228391
882,∑l,§‚,13,202,881556,87.64236630
883,ΩX,•€,15,202,881758,87.66244870
884,¶Ú,§H,07,201,881959,87.68243168
885,®e,§˚,07,200,882159,87.70231524
886,®È,§M,08,200,882359,87.72219880
887,≥∫,≠µ,11,200,882559,87.74208237
888,ªx,®•,14,200,882759,87.76196593
889,ßN,∆≈,07,199,882958,87.78175007
890,øE,§Ù,16,199,883157,87.80153422
891,©µ,∆œ,08,198,883355,87.82121894
892,Ωƒ,¶Ê,15,198,883553,87.84090367
893,¿W,≠∂,16,198,883751,87.86058839
894,©»,§ﬂ,08,197,883948,87.88017370
895,´G,∆¬,09,197,884145,87.89975901
896,ØP,§ı,10,197,884342,87.91934432
897,∏},¶◊,13,197,884539,87.93892963
898,Æu,§y,10,196,884735,87.95841552
899,∞},™˙,10,196,884931,87.97790141
900,∂∂,≠∂,12,196,885127,87.99738730
901,¥ß,§‚,12,195,885322,88.01677377
902,¨[,§Ï,09,194,885516,88.03606083
903,∑°,§Ï,13,194,885710,88.05534788
904,≤±,•◊,11,193,885903,88.07453552
905,¥C,§k,12,193,886096,88.09372316
906,∂Q,®©,12,193,886289,88.11291079
907,æ,§Ï,16,193,886482,88.13209843
908,¬X,§‚,18,193,886675,88.15128607
909,ƒ¡,™˜,20,193,886868,88.17047371
910,®T,§Ù,07,192,887060,88.18956193
911,•°,§j,05,191,887251,88.20855073
912,©Ø,§z,08,191,887442,88.22753953
913,ÆL,éÓ,10,191,887633,88.24652833
914,πı,§y,14,191,887824,88.26551713
915,¶Ù,§H,07,190,888014,88.28440652
916,ºe,∆À,15,190,888204,88.30329590
917,®Â,§K,08,189,888393,88.32208587
918,¥≤,∆“,12,189,888582,88.34087583
919,∂•,™˙,12,189,888771,88.35966580
920,∫C,§ﬂ,14,189,888960,88.37845576
921,º{,§ﬂ,15,189,889149,88.39724573
922,ƒ¿,®º,20,189,889338,88.41603569
923,±—,∆“,11,188,889526,88.43472624
924,•I,§H,05,187,889713,88.45331737
925,∂‹,§f,13,187,889900,88.47190850
926,≥π,≠µ,11,186,890086,88.49040022
927,∂Æ,´A,12,186,890272,88.50889193
928,ºΩ,§‚,15,186,890458,88.52738364
929,≥X,®•,11,184,890642,88.54567652
930,¬¬,¶›,18,184,890826,88.56396940
931,±˛,…_,11,182,891008,88.58206344
932,Æx,∆Œ,10,181,891189,88.60005806
933,≤b,§Ù,11,181,891370,88.61805268
934,≈S,´B,21,181,891551,88.63604731
935,≠ø,§H,10,180,891731,88.65394251
936,¬ß,•‹,18,180,891911,88.67183772
937,¬«, J,18,180,892091,88.68973292
938,Øª,¶Ã,10,179,892270,88.70752871
939,±w,§ﬂ,11,179,892449,88.72532450
940,µ£,•ﬂ,12,179,892628,88.74312029
941,πy,≠∂,13,179,892807,88.76091608
942,¡»,®©,17,179,892986,88.77871186
943,¶Á,¶Á,06,178,893164,88.79640823
944,ße,§f,07,178,893342,88.81410460
945,Æc,∆À,10,177,893519,88.83170156
946,±m,∆—,11,177,893696,88.84929851
947,∫–,•€,14,177,893873,88.86689546
948,ºÙ,§ı,15,177,894050,88.88449241
949,™e,§Ù,08,176,894226,88.90198995
950,´ˆ,§‚,09,176,894402,88.91948748
951,∞Ì,§g,11,175,894577,88.93688560
952,ßa,§f,07,174,894751,88.95418430
953,Æı,§Ù,10,174,894925,88.97148300
954,Ωd,¶À,15,174,895099,88.98878169
955,∆F,´B,24,174,895273,89.00608039
956,æa,´D,15,173,895446,89.02327967
957,™Í, O,08,172,895618,89.04037954
958,´P,§H,09,172,895790,89.05747940
959,•s,§f,05,171,895961,89.07447985
960,ØÛ, J,10,171,896132,89.09148029
961,¥x,§‚,12,171,896303,89.10848074
962,ƒ•,¶‡,20,171,896474,89.12548118
963,ß”,§ﬂ,07,170,896644,89.14238221
964,™R,§Ï,08,170,896814,89.15928324
965,∞U,®•,10,170,896984,89.17618426
966,≤Ó,¶‡,11,170,897154,89.19308529
967,¥º,§È,12,170,897324,89.20998632
968,∂º,≠π,12,170,897494,89.22688735
969,∫ ,•◊,14,170,897664,89.24378838
970,ºf,∆À,15,170,897834,89.26068940
971,√a,§g,19,170,898004,89.27759043
972,ßL,§K,07,169,898173,89.29439204
973,Æ£,§ﬂ,10,169,898342,89.31119365
974,√Ë,™˜,19,169,898511,89.32799526
975,™¢,§ı,08,168,898679,89.34469745
976,∞©,∞©,10,168,898847,89.36139964
977,≤≈,¶À,11,168,899015,89.37810184
978,π¢,≠π,13,168,899183,89.39480403
979,∫¸,¶Õ,14,168,899351,89.41150622
980,ºÁ,§Ù,15,168,899519,89.42820841
981,∆U,∆Œ,25,168,899687,89.44491060
982,•Z,§M,05,167,899854,89.46151338
983,©],§i,08,167,900021,89.47811615
984,√P,‘I,18,167,900188,89.49471893
985,Æq,§s,10,166,900354,89.51122228
986,∂©,™˙,12,166,900520,89.52772564
987,πp,´B,13,166,900686,89.54422900
988,•–,•–,05,165,900851,89.56063293
989,ßx,…I,07,165,901016,89.57703687
990,ß§,§g,07,165,901181,89.59344081
991,Æw,∆Œ,10,165,901346,89.60984475
992,∞¶,´A,10,165,901511,89.62624869
993,Ωß,¶◊,15,165,901676,89.64265263
994,Æ÷,§Ï,10,164,901840,89.65895715
995,ºÈ,§Ù,15,164,902004,89.67526167
996,¡Y,¶Õ,17,164,902168,89.69156619
997,¡y,¶◊,17,164,902332,89.70787071
998,ƒ≤,®§,20,164,902496,89.72417523
999,≈Â,∞®,23,164,902660,89.74047975
1000,¶N,§f,06,163,902823,89.75668485
1001,® ,∆¬,08,163,902986,89.77288996
1002,™÷,¶◊,08,163,903149,89.78909506
1003,¨D,§‚,09,163,903312,89.80530016
1004,∂Í,…I,13,163,903475,89.82150527
1005,π⁄,§i,14,163,903638,89.83771037
1006,∫~,§Ù,14,163,903801,89.85391547
1007,¿R,´C,16,162,903963,89.87002116
1008,§`,∆¬,03,161,904124,89.88602742
1009,ßª,∆À,07,161,904285,89.90203369
1010,´Á,§ﬂ,09,161,904446,89.91803996
1011,∞¸,§k,11,160,904606,89.93394681
1012,∑f,§‚,13,159,904765,89.94975424
1013,§‹,§{,04,158,904923,89.96546225
1014,´µ,§j,09,158,905081,89.98117027
1015,Ø…,¶Õ,10,158,905239,89.99687828
1016,ºy,§ﬂ,15,158,905397,90.01258629
1017,ßÈ,§‚,07,157,905554,90.02819489
1018,∂Z,®¨,12,157,905711,90.04380349
1019,©T,…I,08,156,905867,90.05931267
1020,∂≥,´B,12,156,906023,90.07482184
1021,≈K,™˜,21,156,906179,90.09033102
1022,µÛ,¶Ê,12,155,906334,90.10574078
1023,øD,§Ù,16,155,906489,90.12115054
1024,¬A,≥Ω,17,155,906644,90.13656030
1025,∂Ù,§g,13,154,906798,90.15187065
1026,∂˝,§k,13,154,906952,90.16718099
1027,∏≥, J,13,154,907106,90.18249133
1028,∞Ï,§g,11,153,907259,90.19770226
1029,±”,∆“,11,153,907412,90.21291318
1030,¡Õ,®´,17,153,907565,90.22812411
1031,§ÿ,§r,04,152,907717,90.24323561
1032,•”,•–,05,152,907869,90.25834712
1033,∫›,•ﬂ,14,152,908021,90.27345863
1034,¶À,¶À,06,151,908172,90.28847072
1035,∞È,…I,11,151,908323,90.30348280
1036,≤¸, J,11,151,908474,90.31849489
1037,∂√,§A,13,151,908625,90.33350698
1038,∏≠, J,13,151,908776,90.34851907
1039,ºx,…L,15,151,908927,90.36353116
1040,øv,¶À,16,151,909078,90.37854325
1041,ø’,®•,16,151,909229,90.39355534
1042,øË,®Æ,16,151,909380,90.40856743
1043,ƒ¨, J,20,151,909531,90.42357952
1044,¥c,§ﬂ,12,150,909681,90.43849219
1045,¥¬,§Î,12,150,909831,90.45340486
1046,¶Ã,¶Ã,06,149,909980,90.46821811
1047,ßø,§r,07,149,910129,90.48303137
1048,ßV,§O,07,148,910277,90.49774520
1049,¨~,§Ù,09,148,910425,90.51245904
1050,πj,™˙,13,148,910573,90.52717288
1051,•«,§¸,05,147,910720,90.54178729
1052,Æˆ,§Ù,10,147,910867,90.55640171
1053,±B,§k,11,147,911014,90.57101613
1054,¥À,§Ï,12,147,911161,90.58563055
1055,ßÂ,§‚,07,146,911307,90.60014555
1056,ßÙ,§Ï,07,146,911453,90.61466055
1057,´¢,§f,09,146,911599,90.62917555
1058,±“,∆“,11,146,911745,90.64369055
1059,≥∑,´B,11,146,911891,90.65820555
1060,ø◊,®•,16,146,912037,90.67272055
1061,§Ø,§H,04,145,912182,90.68713613
1062,¥©,§‚,12,145,912327,90.70155171
1063,¶Ÿ,¶◊,06,144,912471,90.71586788
1064,Ø¡,¶Õ,10,144,912615,90.73018404
1065,∞ﬂ,§f,11,144,912759,90.74450021
1066,≤Ê,¶◊,11,144,912903,90.75881637
1067,¥Â,§Ù,12,144,913047,90.77313254
1068,∏t,¶’,13,144,913191,90.78744870
1069,§©,∆¡,04,143,913334,90.80166545
1070,•Ï,§H,06,143,913477,90.81588219
1071,®F,§Ù,07,143,913620,90.83009894
1072,µ∑,¶Õ,12,143,913763,90.84431569
1073,ª´,®©,14,143,913906,90.85853243
1074,©€,§‚,08,142,914048,90.87264976
1075,∞Û,§g,11,142,914190,90.88676709
1076,πJ,∆÷,13,142,914332,90.90088442
1077,Ω∆,¶Á,15,142,914474,90.91500175
1078,ƒw,¶À,20,142,914616,90.92911908
1079,∞ˆ,§g,11,141,914757,90.94313699
1080,æ–,§ﬂ,16,141,914898,90.95715490
1081,®q,•›,07,140,915038,90.97107339
1082,∂T,®©,12,140,915178,90.98499189
1083,ªE,¶’,14,140,915318,90.99891038
1084,™d,§Ù,08,139,915457,91.01272946
1085,Ωt,¶Õ,15,139,915596,91.02654853
1086,®Í,§M,08,138,915734,91.04026819
1087,¨J,∆”,09,138,915872,91.05398785
1088,¥§,§‚,12,138,916010,91.06770750
1089,∏ı,®¨,13,138,916148,91.08142716
1090,ª\, J,14,138,916286,91.09514682
1091,ƒy,¶À,20,138,916424,91.10886648
1092,æÀ,§ﬂ,16,137,916561,91.12248672
1093,´Ù,§‚,09,136,916697,91.13600754
1094,Æz,§},10,136,916833,91.14952836
1095,≤÷,¶Õ,11,136,916969,91.16304918
1096,≥¡,≥¡,11,136,917105,91.17657001
1097,™Ô,∆÷,08,135,917240,91.18999141
1098,Æ∂,§‚,10,135,917375,91.20341281
1099,Ø¬,¶Õ,10,135,917510,91.21683422
1100,±¥,§‚,11,135,917645,91.23025562
1101,∫D,§ﬂ,14,135,917780,91.24367703
1102,Ω‡,®©,15,135,917915,91.25709843
1103,ø‡,®©,16,135,918050,91.27051984
1104,≠≤,≠≤,09,134,918184,91.28384182
1105,Æ«,§Ë,10,134,918318,91.29716381
1106,∑ß,§Ï,13,134,918452,91.31048580
1107,ª~,®•,14,134,918586,91.32380778
1108,´B,´B,08,133,918719,91.33703035
1109,∂˚,§k,13,133,918852,91.35025292
1110,π≈,§f,14,133,918985,91.36347549
1111,®p,•›,07,132,919117,91.37659864
1112,≥±,™˙,11,132,919249,91.38972179
1113,ª∞,®´,14,132,919381,91.40284494
1114,≠˛,§f,10,131,919512,91.41586867
1115,¥Ú,§Ù,12,131,919643,91.42889241
1116,∫©,§Ù,14,131,919774,91.44191614
1117,øO,§ı,16,131,919905,91.45493987
1118,•©,§u,05,130,920035,91.46786419
1119,≤G,§Ù,11,130,920165,91.48078850
1120,∂¢,™˘,12,130,920295,91.49371282
1121,∏€,®•,13,130,920425,91.50663713
1122,πs,´B,13,130,920555,91.51956145
1123,ª·,≠∂,14,130,920685,91.53248576
1124,øÚ,∆÷,16,130,920815,91.54541008
1125,¡‰,™˜,17,130,920945,91.55833439
1126,¶˚,§H,07,129,921074,91.57115929
1127,©°,§r,08,129,921203,91.58398419
1128,¨r,§,08,129,921332,91.59680909
1129,≥‹,§f,12,129,921461,91.60963398
1130,µ°,•ﬁ,12,129,921590,91.62245888
1131,π™,π™,13,129,921719,91.63528378
1132,¶M,∆»,06,128,921847,91.64800926
1133,©Í,§‚,08,128,921975,91.66073474
1134,∆Q,≥ø,24,128,922103,91.67346022
1135,ßÃ,§},07,127,922230,91.68608628
1136,®Î,§M,08,127,922357,91.69871234
1137,º…,§È,15,127,922484,91.71133840
1138,√C,≠∂,18,127,922611,91.72396446
1139,≥~,∆÷,11,126,922737,91.73649111
1140,¥π,§È,12,126,922863,91.74901775
1141,•®,§u,05,125,922988,91.76144498
1142,¨•,§Ù,09,125,923113,91.77387220
1143,≤V,§Ù,11,125,923238,91.78629943
1144,¥f,§ﬂ,12,125,923363,91.79872666
1145,πM,∆÷,13,125,923488,91.81115388
1146,©m,§k,08,124,923612,91.82348169
1147,©v,∆À,08,124,923736,91.83580950
1148,±œ,∆“,11,124,923860,91.84813731
1149,¥ˆ,§Ù,12,124,923984,91.86046512
1150,§M,§M,02,123,924107,91.87269351
1151,¶{,∆Ã,06,123,924230,91.88492190
1152,®©,®©,07,123,924353,91.89715029
1153,≠€,§H,10,123,924476,91.90937868
1154,≤¶,•–,11,123,924599,91.92160707
1155,©Y,§g,08,122,924721,91.93373604
1156,Øµ,•›,10,122,924843,91.94586501
1157,∞æ,§H,11,122,924965,91.95799399
1158,∞“,§S,11,122,925087,91.97012296
1159,øA,§Ù,16,122,925209,91.98225193
1160,(˘€),¶Ã,12,122,925331,91.99438091
1161,¨“,•’,09,121,925452,92.00641046
1162,∑t,§È,13,121,925573,92.01844002
1163,¬d,§Ï,18,121,925694,92.03046957
1164,•l,§f,05,120,925814,92.04239971
1165,®Ø,®Ø,07,120,925934,92.05432984
1166,®≈,§A,08,120,926054,92.06625998
1167,™Y,§Ì,08,120,926174,92.07819012
1168,Ø√,¶Õ,10,120,926294,92.09012026
1169,±˝,§Ì,11,120,926414,92.10205039
1170,µ^,•…,12,120,926534,92.11398053
1171,∑˘,•◊,13,120,926654,92.12591067
1172,Ωw,¶Õ,15,120,926774,92.13784080
1173,¡A,•ÿ,17,120,926894,92.14977094
1174,ƒπ,®©,20,120,927014,92.16170108
1175,(˘ÿ),¶Á,13,120,927134,92.17363122
1176,•J,§H,05,119,927253,92.18546193
1177,∏I,•€,13,119,927372,92.19729265
1178,∏¸,®Æ,13,119,927491,92.20912337
1179,πS,®ª,13,119,927610,92.22095409
1180,ø˚,™˜,16,119,927729,92.23278481
1181,©‚,§‚,08,118,927847,92.24451611
1182,¨√,•…,09,118,927965,92.25624742
1183,≥ª,≠∂,11,118,928083,92.26797872
1184,Ω¸,®Æ,15,118,928201,92.27971002
1185,•π,§È,05,117,928318,92.29134190
1186,≤ˆ, J,11,117,928435,92.30297379
1187,µJ,§ı,12,117,928552,92.31460567
1188,∂,§g,13,117,928669,92.32623755
1189,∏ﬂ,®•,13,117,928786,92.33786944
1190,Ω≤, J,15,117,928903,92.34950132
1191,¶£,§ﬂ,06,116,929019,92.36103379
1192,¶˘,§H,07,116,929135,92.37256625
1193,≠Ù,§f,10,116,929251,92.38409872
1194,ºo,∆Œ,15,116,929367,92.39563118
1195,æ®,§H,16,116,929483,92.40716365
1196,´i,§O,09,115,929598,92.41859670
1197,±Û,§Ï,11,115,929713,92.43002975
1198,∫ø,•…,14,115,929828,92.44146279
1199,ªŸ,™˙,14,115,929943,92.45289584
1200,§¶,∆ø,04,114,930057,92.46422947
1201,¶Ò,§H,07,114,930171,92.47556310
1202,ß«,∆Œ,07,114,930285,92.48689673
1203,®π,®∂,07,114,930399,92.49823036
1204,ÆÁ,§Ï,10,114,930513,92.50956399
1205,ÆÌ,§Ô,10,114,930627,92.52089762
1206,¥≠,§‚,12,114,930741,92.53223125
1207,∏T,•‹,13,114,930855,92.54356488
1208,∫Ò,¶Õ,14,114,930969,92.55489851
1209,Ω¯,®Æ,15,114,931083,92.56623214
1210,≠›,§K,10,113,931196,92.57746636
1211,ØA,§Ù,10,113,931309,92.58870057
1212,≤–,¶Õ,11,113,931422,92.59993478
1213,¥d,§ﬂ,12,113,931535,92.61116899
1214,¥y,§‚,12,113,931648,92.62240321
1215,¡Ù,™˙,17,113,931761,92.63363742
1216,Æ{,…L,10,112,931873,92.64477221
1217,≤H,§Ù,11,112,931985,92.65590701
1218,∏°,¶◊,13,112,932097,92.66704180
1219,¡‹,∆÷,17,112,932209,92.67817660
1220,¬k,§Ó,18,112,932321,92.68931139
1221,ƒ˝,®£,21,112,932433,92.70044619
1222,ßG,§H,07,111,932544,92.71148156
1223,ß—,§ﬂ,07,111,932655,92.72251694
1224,™w,§Ù,08,111,932766,92.73355232
1225,∞k,∆÷,10,111,932877,92.74458769
1226,¬\,§‚,18,111,932988,92.75562307
1227,√∏,¶Õ,19,111,933099,92.76665845
1228,¶„, J,06,110,933209,92.77759441
1229,±¬,§‚,11,110,933319,92.78853037
1230,¥”,§Ï,12,110,933429,92.79946633
1231,∑®,§Ï,13,110,933539,92.81040228
1232,Ω÷,®•,15,110,933649,92.82133824
1233,§Û,§Û,04,109,933758,92.83217478
1234,•y,§f,05,109,933867,92.84301133
1235,ßB,§H,07,109,933976,92.85384787
1236,´_,∆√,09,109,934085,92.86468441
1237,Æ∑,§‚,10,109,934194,92.87552095
1238,≥Ï,§f,12,109,934303,92.88635749
1239,¥∞,∆“,12,109,934412,92.89719403
1240,∑F,§z,13,109,934521,92.90803057
1241,øÙ,®ª,16,109,934630,92.91886711
1242,¬–, P,18,109,934739,92.92970366
1243,©«,§ﬂ,08,108,934847,92.94044078
1244,≠…,§H,10,108,934955,92.95117790
1245,¥L,§o,12,108,935063,92.96191503
1246,ƒx,¶À,20,108,935171,92.97265215
1247,™˝,™˙,08,107,935278,92.98328985
1248,¨f,§Ï,09,107,935385,92.99392756
1249,∞´,∞´,10,107,935492,93.00456527
1250,≥U,¶Á,11,107,935599,93.01520297
1251,µy,•›,12,107,935706,93.02584068
1252,√±,¶À,19,107,935813,93.03647838
1253,Æ‡,§Ï,10,106,935919,93.04701667
1254,¥±,∆“,12,106,936025,93.05755496
1255,¥¿,§Í,12,106,936131,93.06809325
1256,øN,§ı,16,106,936237,93.07863153
1257,¡Û,™˘,17,106,936343,93.08916982
1258,(ÆB),§f,10,105,936448,93.09960869
1259,∑æ,§Ù,13,105,936553,93.11004756
1260,Ωc,¶À,15,105,936658,93.12048643
1261,æc,≠≤,15,105,936763,93.13092530
1262,´“,§y,09,104,936867,93.14126475
1263,∞ª,§H,11,104,936971,93.15160421
1264,∏p, I,13,104,937075,93.16194366
1265,∫j,§Ï,14,104,937179,93.17228311
1266,¿¿,§‚,17,104,937283,93.18262256
1267,µÙ,¶Á,12,103,937386,93.19286260
1268,ª®,®®,14,103,937489,93.20310263
1269,º»,§È,15,103,937592,93.21334267
1270,Ω‰,®©,15,103,937695,93.22358270
1271,•§,§k,05,102,937797,93.23372332
1272,´p,…D,09,102,937899,93.24386393
1273,∂Ï,§g,13,102,938001,93.25400455
1274,∏o, I,13,102,938103,93.26414517
1275,¬Ω,¶–,18,102,938205,93.27428578
1276,•F,∆¿,05,101,938306,93.28432698
1277,•…,•…,05,101,938407,93.29436818
1278,¨M,§È,09,101,938508,93.30440938
1279,¨Ó,•›,09,101,938609,93.31445058
1280,≤@,§Ú,11,101,938710,93.32449178
1281,≥«,§H,12,101,938811,93.33453297
1282,∑∆,§Ù,13,101,938912,93.34457417
1283,æ_,´B,15,101,939013,93.35461537
1284,æ|,≥Ω,15,101,939114,93.36465657
1285,ø≈,¶Ê,16,101,939215,93.37469777
1286,¬≈, J,18,101,939316,93.38473897
1287,¶B,∆≈,06,100,939416,93.39468075
1288,Ø˜, J,10,100,939516,93.40462253
1289,§Z,∆ø,03,99,939615,93.41446489
1290,∞∂,§H,11,99,939714,93.42430726
1291,∑‡,§¸,13,99,939813,93.43414962
1292,∏‘,®•,13,99,939912,93.44399198
1293,ºƒ,∆“,15,99,940011,93.45383435
1294,Ωﬁ,®®,15,99,940110,93.46367671
1295,ø},¶Ã,16,99,940209,93.47351907
1296,¡c,¶Õ,17,99,940308,93.48336144
1297,§Á,§Á,04,98,940406,93.49310438
1298,®H,§Ù,07,98,940504,93.50284733
1299,©Z,§g,08,98,940602,93.51259027
1300,©ø,§ﬂ,08,98,940700,93.52233322
1301,±§,§ﬂ,11,98,940798,93.53207616
1302,±€,§Ë,11,98,940896,93.54181911
1303,µ¸,®•,12,98,940994,93.55156205
1304,πH,∆÷,13,98,941092,93.56130500
1305,π¸,∆—,14,98,941190,93.57104794
1306,••,§l,05,97,941287,93.58069147
1307,Øe,∆‘,10,97,941384,93.59033500
1308,±C,§k,11,97,941481,93.59997853
1309,ªˆ,§H,15,97,941578,93.60962205
1310,øΩ, J,16,97,941675,93.61926558
1311,¬Í,™˜,18,97,941772,93.62890911
1312,•Ω,§Ï,05,96,941868,93.63845322
1313,¶’,¶’,06,96,941964,93.64799733
1314,©º,…L,08,96,942060,93.65754144
1315,™®,§˜,08,96,942156,93.66708555
1316,¨’,•◊,09,96,942252,93.67662966
1317,∑q,∆“,13,96,942348,93.68617377
1318,ƒ÷,æ¶,20,96,942444,93.69571788
1319,µ‹, J,12,95,942539,93.70516257
1320,≈],∞≠,21,95,942634,93.71460726
1321,∂U,®©,12,94,942728,93.72395253
1322,∂◊,…C,13,94,942822,93.73329781
1323,∑˙,•ÿ,13,94,942916,93.74264308
1324,æÙ,§Ï,16,94,943010,93.75198836
1325,ø@,§Ù,16,94,943104,93.76133363
1326,¡˚,≠∂,17,94,943198,93.77067890
1327,§€,∆Õ,04,93,943291,93.77992476
1328,ß¿,§r,07,93,943384,93.78917062
1329,™Q,§Ï,08,93,943477,93.79841647
1330,Æp,§s,10,93,943570,93.80766233
1331,µŒ,¶ﬁ,12,93,943663,93.81690819
1332,¬S,§g,18,93,943756,93.82615404
1333,™M,§Ï,08,92,943848,93.83530048
1334,´a,∆ƒ,09,92,943940,93.84444692
1335,¨_,§Ï,09,92,944032,93.85359336
1336,≠¢,∆÷,09,92,944124,93.86273980
1337,ØD,§Ù,10,92,944216,93.87188623
1338,µ∏,¶Õ,12,92,944308,93.88103267
1339,ßÍ,§‚,07,91,944399,93.89007969
1340,¨u,§Ù,09,91,944490,93.89912671
1341,∑m,§‚,13,91,944581,93.90817373
1342,¿V,≠∂,16,91,944672,93.91722076
1343,•S,§I,05,90,944762,93.92616836
1344,©›,§‚,08,90,944852,93.93511596
1345,∞º,§H,11,90,944942,93.94406356
1346,∂E,®•,12,90,945032,93.95301117
1347,∂K,®©,12,90,945122,93.96195877
1348,¶´,§‚,06,89,945211,93.97080695
1349,™Œ,¶◊,08,89,945300,93.97965514
1350,∞«,§O,11,89,945389,93.98850332
1351,ªX, J,14,89,945478,93.99735151
1352,§z,§z,03,88,945566,94.00610028
1353,¶¿,§Ù,06,88,945654,94.01484904
1354,ß…,∆Œ,07,88,945742,94.02359781
1355,Æ},…L,10,88,945830,94.03234658
1356,¥›,§Ô,12,88,945918,94.04109535
1357,Ω—,®•,15,88,946006,94.04984411
1358,®x,¶◊,07,87,946093,94.05849346
1359,©æ,§ﬂ,08,87,946180,94.06714281
1360,∞∏,§H,11,87,946267,94.07579216
1361,≤K,§Ù,11,87,946354,94.08444151
1362,≥¬,≥¬,11,87,946441,94.09309086
1363,∏÷,®•,13,87,946528,94.10174021
1364,¿y,§O,17,87,946615,94.11038956
1365,§˙,§˙,04,86,946701,94.11893949
1366,´U,§H,09,86,946787,94.12748942
1367,Ω§,¶◊,15,86,946873,94.13603935
1368,ær,∞®,15,86,946959,94.14458929
1369,¡˙,≠≥,17,86,947045,94.15313922
1370,ƒ—,≥¡,20,86,947131,94.16168915
1371,®÷,§H,08,85,947216,94.17013966
1372,´Ï,§ﬂ,09,85,947301,94.17859018
1373,≠L,¶◊,09,85,947386,94.18704069
1374,Ø],•…,10,85,947471,94.19549120
1375,≥J,¶‰,11,85,947556,94.20394172
1376,∏Œ,¶Á,13,85,947641,94.21239223
1377,ºÌ,§Ù,15,85,947726,94.22084274
1378,¿¥,§ﬂ,17,85,947811,94.22929326
1379,§D,∆¿,02,84,947895,94.23764435
1380,•V,∆≈,05,84,947979,94.24599545
1381,®µ,∆÷,07,84,948063,94.25434655
1382,≥æ,≥æ,11,84,948147,94.26269764
1383,∂l,®∂,12,84,948231,94.27104874
1384,ª≤,®Æ,14,84,948315,94.27939983
1385,ºz,§ﬂ,15,84,948399,94.28775093
1386,Ω¶,¶◊,15,84,948483,94.29610203
1387,ΩÒ,®¨,15,84,948567,94.30445312
1388,æn,∞®,15,84,948651,94.31280422
1389,æ¬,§g,16,84,948735,94.32115531
1390,¬Z,§‚,18,84,948819,94.32950641
1391,ß–,…L,07,83,948902,94.33775809
1392,´T,§H,09,83,948985,94.34600977
1393,≥Õ,§L,12,83,949068,94.35426144
1394,¥≥,§Â,12,83,949151,94.36251312
1395,ªƒ,®ª,14,83,949234,94.37076480
1396,¬¶,•€,18,83,949317,94.37901648
1397,¶D,§M,06,82,949399,94.38716874
1398,ß£,§g,07,82,949481,94.39532100
1399,©U,§g,08,82,949563,94.40347326
1400,´ ,§o,09,82,949645,94.41162552
1401,≠M,¶◊,09,82,949727,94.41977778
1402,≠},∆÷,09,82,949809,94.42793004
1403,Øﬂ,¶◊,10,82,949891,94.43608230
1404,≥—,§M,12,82,949973,94.44423456
1405,µf,•–,12,82,950055,94.45238682
1406,∑n,§‚,13,82,950137,94.46053908
1407,º~,§ﬂ,15,82,950219,94.46869134
1408,¡´, O,17,82,950301,94.47684360
1409,•Æ,∆Õ,05,81,950382,94.48489645
1410,©⁄,§‚,08,81,950463,94.49294929
1411,´I,§H,09,81,950544,94.50100213
1412,≠J,¶◊,09,81,950625,94.50905497
1413,∂Î,§g,13,81,950706,94.51710782
1414,∫Ó,¶Õ,14,81,950787,94.52516066
1415,ßg,§f,07,80,950867,94.53311408
1416,ßÆ,§k,07,80,950947,94.54106751
1417,Ø˘, J,10,80,951027,94.54902093
1418,±∂,§‚,11,80,951107,94.55697436
1419,¥`,…L,12,80,951187,94.56492778
1420,∂‘,§O,13,80,951267,94.57288121
1421,ª’,™˘,14,80,951347,94.58083463
1422,ªÙ,ªÙ,14,80,951427,94.58878806
1423,Ωg,¶À,15,80,951507,94.59674148
1424,æF,®∂,15,80,951587,94.60469491
1425,¿π,§‡,17,80,951667,94.61264833
1426,ß˘,§Ï,07,79,951746,94.62050234
1427,≠@,¶”,09,79,951825,94.62835635
1428,∞Ω,§H,11,79,951904,94.63621035
1429,±π,§‚,11,79,951983,94.64406436
1430,∫X,§Ë,14,79,952062,94.65191837
1431,√™,•€,19,79,952141,94.65977237
1432,§B,§@,02,78,952219,94.66752696
1433,•U,∆√,05,78,952297,94.67528155
1434,•“,•–,05,78,952375,94.68303614
1435,¨Ì,•›,09,78,952453,94.69079073
1436,ØB,§Ù,10,78,952531,94.69854532
1437,¿v,§H,17,78,952609,94.70629991
1438,™£,§ı,08,77,952686,94.71395508
1439,´Ë,§ﬂ,09,77,952763,94.72161025
1440,≠º,∆¿,10,77,952840,94.72926542
1441,±b,§y,11,77,952917,94.73692059
1442,≥¨,™˘,11,77,952994,94.74457576
1443,≥¿,≥¿,11,77,953071,94.75223094
1444,≥‡,§f,12,77,953148,94.75988611
1445,πÿ,§h,14,77,953225,94.76754128
1446,æØ,§M,16,77,953302,94.77519645
1447,¿ø,§‚,17,77,953379,94.78285162
1448,√z,§ı,19,77,953456,94.79050679
1449,∆s,≥Ω,27,77,953533,94.79816196
1450,(¶√),§Ù,06,76,953609,94.80571772
1451,ßÏ,§‚,07,76,953685,94.81327347
1452,Æ‘,§Î,10,76,953761,94.82082922
1453,Ø◊,¶◊,10,76,953837,94.82838498
1454,∞ÿ,§f,11,76,953913,94.83594073
1455,±x,§ﬂ,11,76,953989,94.84349648
1456,±æ,§‚,11,76,954065,94.85105224
1457,∏Ò,®¨,13,76,954141,94.85860799
1458,¿x,§H,17,76,954217,94.86616375
1459,√∫,¶Õ,19,76,954293,94.87371950
1460,√ÿ,®©,19,76,954369,94.88127525
1461,¶©,§‚,06,75,954444,94.88873159
1462,ß´,§k,07,75,954519,94.89618792
1463,®¶,®¶,07,75,954594,94.90364426
1464,©Ë,§‚,08,75,954669,94.91110059
1465,´∫,§k,09,75,954744,94.91855693
1466,Ø≤,•›,10,75,954819,94.92601327
1467,¥^,∆—,12,75,954894,94.93346960
1468,∫I,§‡,14,75,954969,94.94092594
1469,ªO,¶‹,14,75,955044,94.94838227
1470,¿∫,§‚,17,75,955119,94.95583861
1471,•e,§R,05,74,955193,94.96319553
1472,ß∫,∆À,07,74,955267,94.97055244
1473,ß‘,§ﬂ,07,74,955341,94.97790936
1474,®Á,…B,08,74,955415,94.98526628
1475,©@,§f,08,74,955489,94.99262320
1476,©d,§k,08,74,955563,94.99998012
1477,©j,§k,08,74,955637,95.00733703
1478,±R,§s,11,74,955711,95.01469395
1479,¥ﬁ,§Ô,12,74,955785,95.02205087
1480,µﬂ, J,12,74,955859,95.02940779
1481,æ¿,§g,16,74,955933,95.03676471
1482,æƒ,§j,16,74,956007,95.04412162
1483,¿q,∂¬,16,74,956081,95.05147854
1484,¡~, J,17,74,956155,95.05883546
1485,™⁄, J,08,73,956228,95.06609296
1486,≠∂,≠∂,09,73,956301,95.07335046
1487,∞I,¶Á,10,73,956374,95.08060796
1488,∞⁄,§f,11,73,956447,95.08786546
1489,¥°,§‚,12,73,956520,95.09512296
1490,πÁ,∆À,14,73,956593,95.10238046
1491,ªe,¶‰,14,73,956666,95.10963796
1492,¿~,§f,17,73,956739,95.11689546
1493,¿,…b,17,73,956812,95.12415296
1494,¡⁄,∆÷,17,73,956885,95.13141046
1495,√æ,¶◊,19,73,956958,95.13866796
1496,ƒm,§¸,20,73,957031,95.14592546
1497,¶Í,°U,07,72,957103,95.15308354
1498,®g,§¸,07,72,957175,95.16024163
1499,©∂,§},08,72,957247,95.16739971
1500,™@,§È,08,72,957319,95.17455779
1501,™u,§Ù,08,72,957391,95.18171587
1502,™ˆ,®º,08,72,957463,95.18887395
1503,´X,§H,09,72,957535,95.19603204
1504,≠,§f,10,72,957607,95.20319012
1505,Ø™,•‹,10,72,957679,95.21034820
1506,≤¯, J,11,72,957751,95.21750628
1507,≥¥,™˙,11,72,957823,95.22466437
1508,¥÷,§Ï,12,72,957895,95.23182245
1509,¥˛,§Ù,12,72,957967,95.23898053
1510,¿¶,§k,17,72,958039,95.24613861
1511,¡°, J,17,72,958111,95.25329669
1512,•À,•À,05,71,958182,95.26035536
1513,™Ù,®∂,08,71,958253,95.26741402
1514,Øæ,¶Õ,10,71,958324,95.27447269
1515,∞‡,§f,11,71,958395,95.28153135
1516,≥≠,™˙,11,71,958466,95.28859002
1517,µ·, J,12,71,958537,95.29564868
1518,∏Û,®¨,13,71,958608,95.30270735
1519,º‰,§Ù,15,71,958679,95.30976601
1520,æp,∞®,15,71,958750,95.31682467
1521,ø¥,¶‡,16,71,958821,95.32388334
1522,ƒP,≥æ,19,71,958892,95.33094200
1523,©`,§j,08,70,958962,95.33790125
1524,™^,…a,08,70,959032,95.34486050
1525,±Ò,§Ï,11,70,959102,95.35181974
1526,µs,•◊,12,70,959172,95.35877899
1527,∫Œ,•ÿ,14,70,959242,95.36573824
1528,ª™,À§,14,70,959312,95.37269748
1529,æG,®∂,15,70,959382,95.37965673
1530,æ\,™˘,15,70,959452,95.38661598
1531,¶«,§ı,06,69,959521,95.39347581
1532,©i,§k,08,69,959590,95.40033563
1533,™,∆÷,08,69,959659,95.40719546
1534,¨µ,§ı,09,69,959728,95.41405529
1535,Æ|,…L,10,69,959797,95.42091512
1536,±ˆ,§Ï,11,69,959866,95.42777495
1537,≤~,•À,11,69,959935,95.43463478
1538,≥¢,®∂,11,69,960004,95.44149461
1539,∫Z,§È,14,69,960073,95.44835444
1540,ΩZ,•›,15,69,960142,95.45521427
1541,¡Á,™˜,17,69,960211,95.46207409
1542,≈÷,¶Õ,23,69,960280,95.46893392
1543,ßZ,∆»,07,68,960348,95.47569433
1544,Ø›,¶◊,10,68,960416,95.48245475
1545,∞Õ,§P,11,68,960484,95.48921516
1546,µÍ, O,12,68,960552,95.49597557
1547,ºµ,§‚,15,68,960620,95.50273598
1548,æx,∞´,15,68,960688,95.50949639
1549,≈¶,¶◊,22,68,960756,95.51625680
1550,©W,§g,08,67,960823,95.52291779
1551,∫Æ,§Ù,14,67,960890,95.52957879
1552,ªÒ,≥æ,14,67,960957,95.53623978
1553,ƒl,§ı,20,67,961024,95.54290077
1554,§«,∆«,04,66,961090,95.54946235
1555,• ,• ,05,66,961156,95.55602392
1556,¨”,•’,09,66,961222,95.56258550
1557,Æ¶,§ﬂ,10,66,961288,95.56914707
1558,Øh,∆‘,10,66,961354,95.57570865
1559,≥h,®©,11,66,961420,95.58227023
1560,∏≤, J,13,66,961486,95.58883180
1561,∫µ,§ı,14,66,961552,95.59539338
1562,º≤,§‚,15,66,961618,95.60195495
1563,æE,∆÷,15,66,961684,95.60851653
1564,ø√,¶‰,16,66,961750,95.61507810
1565,¬ƒ, J,18,66,961816,95.62163968
1566,¶v,∆À,06,65,961881,95.62810184
1567,ØN,§ı,10,65,961946,95.63456399
1568,±H,∆À,11,65,962011,95.64102615
1569,≥c,®©,11,65,962076,95.64748831
1570,µÂ, J,12,65,962141,95.65395047
1571,∑¿,§Ù,13,65,962206,95.66041262
1572,∑–,§ı,13,65,962271,95.66687478
1573,π¡,§f,14,65,962336,95.67333694
1574,ªÛ,ªÛ,14,65,962401,95.67979910
1575,Ω¨, J,15,65,962466,95.68626125
1576,æ•,∂¬,15,65,962531,95.69272341
1577,√e,∆Œ,19,65,962596,95.69918557
1578,¶œ,¶œ,06,64,962660,95.70554831
1579,©ﬁ,§‚,08,64,962724,95.71191105
1580,¨X,§Ï,09,64,962788,95.71827379
1581,∑G,∆Œ,13,64,962852,95.72463653
1582,ª…,™˜,14,64,962916,95.73099927
1583,æv,‘I,15,64,962980,95.73736201
1584,(¬À), J,17,64,963044,95.74372475
1585,¬˚,´A,18,64,963108,95.75008749
1586,≈X,∞®,21,64,963172,95.75645023
1587,≠u,®´,09,63,963235,95.76271355
1588,∞j,∆÷,10,63,963298,95.76897687
1589,≤·,¶’,11,63,963361,95.77524019
1590,∫€,•ﬁ,14,63,963424,95.78150352
1591,ø—,®•,16,63,963487,95.78776684
1592,¶t,∆À,06,62,963549,95.79393074
1593,¨‹,•ÿ,09,62,963611,95.80009465
1594,¨‚,•€,09,62,963673,95.80625855
1595,∞Ô,§g,11,62,963735,95.81242245
1596,∑˛,•ÿ,13,62,963797,95.81858636
1597,π‹,§j,14,62,963859,95.82475026
1598,π˘,∆Œ,14,62,963921,95.83091417
1599,ªH,¶◊,14,62,963983,95.83707807
1600,¿„,§Ù,17,62,964045,95.84324197
1601,¬‹,®¨,18,62,964107,95.84940588
1602,√M,∞®,18,62,964169,95.85556978
1603,•Ã,•Ã,05,61,964230,95.86163427
1604,¶y,§p,06,61,964291,95.86769876
1605,ßÀ,§{,07,61,964352,95.87376324
1606,®ß,®ß,07,61,964413,95.87982773
1607,™¶,§ˆ,08,61,964474,95.88589222
1608,™Ø,§¸,08,61,964535,95.89195670
1609,Øº,¶Õ,10,61,964596,95.89802119
1610,±·,§È,11,61,964657,95.90408567
1611,≤ ,¶Ã,11,61,964718,95.91015016
1612,∂…,§H,13,61,964779,95.91621465
1613,æ§,∂¡,15,61,964840,95.92227913
1614,æÓ,§Ï,16,61,964901,95.92834362
1615,©Ï,§‚,08,60,964961,95.93430869
1616,Æl,§s,10,60,965021,95.94027376
1617,±˘,§Ï,11,60,965081,95.94623883
1618,≤r,§¸,11,60,965141,95.95220389
1619,≥e,®©,11,60,965201,95.95816896
1620,¥»,§Ï,12,60,965261,95.96413403
1621,µN,§ı,12,60,965321,95.97009910
1622,µk,∆‘,12,60,965381,95.97606417
1623,µÏ,¶‰,12,60,965441,95.98202924
1624,∑À,§Ù,13,60,965501,95.98799431
1625,∑Ï,•…,13,60,965561,95.99395937
1626,∏H,•€,13,60,965621,95.99992444
1627,∫],§Ï,14,60,965681,96.00588951
1628,øÎ,®Ø,16,60,965741,96.01185458
1629,√„,®Ø,19,60,965801,96.01781965
1630,®¯,∆»,08,59,965860,96.02368530
1631,´¥,§j,09,59,965919,96.02955095
1632,ØŒ,¶–,10,59,965978,96.03541660
1633,≈⁄, J,23,59,966037,96.04128225
1634,ß},§g,07,58,966095,96.04704848
1635,∞{,™˘,10,58,966153,96.05281472
1636,∑œ,§ı,13,58,966211,96.05858095
1637,∏Ø, J,13,58,966269,96.06434718
1638,π´,π´,13,58,966327,96.07011342
1639,∫œ,•€,14,58,966385,96.07587965
1640,ªØ,®´,14,58,966443,96.08164588
1641,º≥,§‚,15,58,966501,96.08741211
1642,Ωa,•ﬁ,15,58,966559,96.09317835
1643,Ωﬂ,®©,15,58,966617,96.09894458
1644,¿˘,∆‘,17,58,966675,96.10471081
1645,¬∂,¶Õ,18,58,966733,96.11047705
1646,∆N,≥æ,24,58,966791,96.11624328
1647,©f,§k,08,57,966848,96.12191009
1648,´l,§O,09,57,966905,96.12757691
1649,Æ],§l,10,57,966962,96.13324372
1650,Ø¶,•‹,10,57,967019,96.13891054
1651,≤Q,§Ù,11,57,967076,96.14457736
1652,¥Á,§Ù,12,57,967133,96.15024417
1653,∂r,™˜,12,57,967190,96.15591099
1654,∑h,§‚,13,57,967247,96.16157780
1655,∑¥,…_,13,57,967304,96.16724462
1656,æy,∞≠,15,57,967361,96.17291143
1657,æ∑,§f,16,57,967418,96.17857825
1658,≈≤,™˜,22,57,967475,96.18424506
1659,§o,§o,03,56,967531,96.18981246
1660,•P,§H,05,56,967587,96.19537986
1661,≠D,¶◊,09,56,967643,96.20094725
1662,±Ω,§‚,11,56,967699,96.20651465
1663,±Ï,§Ï,11,56,967755,96.21208205
1664,≥˘,§g,12,56,967811,96.21764944
1665,∏•,¶‡,13,56,967867,96.22321684
1666,∫u,§Ù,14,56,967923,96.22878424
1667,º},§ﬂ,15,56,967979,96.23435164
1668,ø,∆÷,16,56,968035,96.23991903
1669,§t,∆Ã,03,55,968090,96.24538701
1670,ßß,§h,07,55,968145,96.25085499
1671,´„,§ﬂ,09,55,968200,96.25632297
1672,¨},§Ù,09,55,968255,96.26179095
1673,≠„,∆≈,10,55,968310,96.26725893
1674,ÆΩ,§‚,10,55,968365,96.27272691
1675,ÆÒ,…a,10,55,968420,96.27819489
1676,≤D,§Ù,11,55,968475,96.28366287
1677,≤˙, J,11,55,968530,96.28913085
1678,¡a,¶Õ,17,55,968585,96.29459883
1679,√n,§È,19,55,968640,96.30006681
1680,§ ,§Q,04,54,968694,96.30543537
1681,¶∂,§Ï,06,54,968748,96.31080393
1682,ßj,§f,07,54,968802,96.31617249
1683,ß·,§‚,07,54,968856,96.32154106
1684,´Ã,§r,09,54,968910,96.32690962
1685,¨x,§Ù,09,54,968964,96.33227818
1686,≤ª,•‹,11,54,969018,96.33764674
1687,ªL,¶◊,14,54,969072,96.34301530
1688,æÃ,§ﬂ,16,54,969126,96.34838386
1689,≈D,®¨,21,54,969180,96.35375243
1690,•Ú,§H,06,53,969233,96.35902157
1691,®a,§ı,07,53,969286,96.36429071
1692,®Ì,§M,08,53,969339,96.36955986
1693,©s,§l,08,53,969392,96.37482900
1694,´Û,§·,09,53,969445,96.38009815
1695,¨¢,§Ù,09,53,969498,96.38536729
1696,ÆR,§k,10,53,969551,96.39063643
1697,ØQ,§ı,10,53,969604,96.39590558
1698,ØŸ,¶◊,10,53,969657,96.40117472
1699,±J,∆À,11,53,969710,96.40644386
1700,≤[,§Ù,11,53,969763,96.41171301
1701,≥Ù,§g,12,53,969816,96.41698215
1702,µS,§¸,12,53,969869,96.42225130
1703,∂P,®©,12,53,969922,96.42752044
1704,πŸ,§i,14,53,969975,96.43278958
1705,π˝,…L,14,53,970028,96.43805873
1706,∫N,§‚,14,53,970081,96.44332787
1707,ºL,§f,16,53,970134,96.44859702
1708,Ωœ,®•,15,53,970187,96.45386616
1709,øc,•◊,16,53,970240,96.45913530
1710,∆g,®•,26,53,970293,96.46440445
1711,®R,§Ù,07,52,970345,96.46957417
1712,®≥,∆÷,07,52,970397,96.47474390
1713,´’,∆Õ,09,52,970449,96.47991363
1714,≠], J,09,52,970501,96.48508335
1715,≠¶,®∂,09,52,970553,96.49025308
1716,≠—,§H,10,52,970605,96.49542280
1717,≤…,¶Ã,11,52,970657,96.50059253
1718,≥S,¶Á,11,52,970709,96.50576226
1719,µ≥,¶Õ,12,52,970761,96.51093198
1720,µ»,¶◊,12,52,970813,96.51610171
1721,∑x,§È,13,52,970865,96.52127143
1722,Ω˙,®Æ,15,52,970917,96.52644116
1723,¿Ω,§‚,17,52,970969,96.53161089
1724,ƒ£,¶–,20,52,971021,96.53678061
1725,ƒ´, J,20,52,971073,96.54195034
1726,•Ó,§H,06,51,971124,96.54702065
1727,ß®,§j,07,51,971175,96.55209096
1728,©„,§‚,08,51,971226,96.55716126
1729,≠ı,§f,10,51,971277,96.56223157
1730,Ø•,•€,10,51,971328,96.56730188
1731,µ«,¶◊,12,51,971379,96.57237219
1732,∑j,§‚,13,51,971430,96.57744250
1733,∑˚,•ÿ,13,51,971481,96.58251281
1734,ºp,∆Œ,15,51,971532,96.58758311
1735,æH,®∂,15,51,971583,96.59265342
1736,¬o,§Ù,18,51,971634,96.59772373
1737,≈Q,´B,21,51,971685,96.60279404
1738,•ı,§H,06,50,971735,96.60776493
1739,¶∞,§È,06,50,971785,96.61273582
1740,©˘,§È,08,50,971835,96.61770671
1741,ÆÆ,§ﬂ,11,50,971885,96.62267760
1742,ØΩ,¶Õ,10,50,971935,96.62764849
1743,±Ë,§Ï,11,50,971985,96.63261938
1744,≤Ω,•‹,11,50,972035,96.63759027
1745,¥b,§ﬂ,12,50,972085,96.64256116
1746,∑d,§‚,13,50,972135,96.64753205
1747,∏y,¶◊,13,50,972185,96.65250294
1748,∫G,§ﬂ,14,50,972235,96.65747383
1749,ªº,∆÷,14,50,972285,96.66244472
1750,ºC,§M,15,50,972335,96.66741561
1751,øi,•€,16,50,972385,96.67238650
1752,ƒﬂ,§ﬂ,21,50,972435,96.67735740
1753,(˘÷),•€,13,50,972485,96.68232829
1754,§’,§l,04,49,972534,96.68719976
1755,¶R,§f,06,49,972583,96.69207123
1756,¶¯,§H,07,49,972632,96.69694270
1757,ßœ,…L,07,49,972681,96.70181418
1758,™K,§Ï,08,49,972730,96.70668565
1759,´´,§g,09,49,972779,96.71155712
1760,≤o,§˚,11,49,972828,96.71642859
1761,≥g,®©,11,49,972877,96.72130007
1762,µU,§¸,12,49,972926,96.72617154
1763,∂X,®´,12,49,972975,96.73104301
1764,∂t,™˜,12,49,973024,96.73591448
1765,Ωo,¶Õ,15,49,973073,96.74078596
1766,¬Œ,¶‰,18,49,973122,96.74565743
1767,ƒ¥,®•,20,49,973171,96.75052890
1768,ßµ,§l,07,48,973219,96.75530096
1769,™™,§˚,08,48,973267,96.76007301
1770,¨÷,•◊,09,48,973315,96.76484507
1771,≠y,®Æ,09,48,973363,96.76961712
1772,Ø¨,•‹,10,48,973411,96.77438918
1773,ØÙ, J,10,48,973459,96.77916123
1774,µµ,¶Õ,12,48,973507,96.78393329
1775,∏j,¶Õ,13,48,973555,96.78870534
1776,ªI,¶◊,14,48,973603,96.79347740
1777,ª ,™˜,14,48,973651,96.79824945
1778,øP,§ı,16,48,973699,96.80302151
1779,¡–,®¨,17,48,973747,96.80779356
1780,ßŸ,§‡,07,47,973794,96.81246620
1781,Æ¿,§‚,10,47,973841,96.81713883
1782,Øk,∆‘,10,47,973888,96.82181147
1783,Ø‹,¶◊,10,47,973935,96.82648411
1784,≥®,™˜,11,47,973982,96.83115675
1785,≥Œ,§M,12,47,974029,96.83582938
1786,¥…,§Ï,12,47,974076,96.84050202
1787,µ˘,®•,12,47,974123,96.84517466
1788,∏~,¶◊,13,47,974170,96.84984729
1789,ªπ,∆÷,14,47,974217,96.85451993
1790,æ◊,§‚,16,47,974264,96.85919257
1791,¿J,´A,16,47,974311,96.86386521
1792,≈ ,§ﬂ,23,47,974358,96.86853784
1793,§Ô,§Ô,04,46,974404,96.87311106
1794,™x,§Ù,08,46,974450,96.87768428
1795,™œ,¶◊,08,46,974496,96.88225750
1796,Æª,§‚,10,46,974542,96.88683072
1797,Ø”,¶‘,10,46,974588,96.89140394
1798,∞f,∆÷,10,46,974634,96.89597716
1799,≤L,§Ù,11,46,974680,96.90055038
1800,≤¢,•Ã,11,46,974726,96.90512360
1801,¥Y,∆Œ,12,46,974772,96.90969682
1802,πG,∆÷,13,46,974818,96.91427003
1803,Ω≠, J,15,46,974864,96.91884325
1804,√£,•…,19,46,974910,96.92341647
1805,≈y,§Ù,22,46,974956,96.92798969
1806,¶x,§o,06,45,975001,96.93246349
1807,¶Ω,§Ù,06,45,975046,96.93693730
1808,ßf,§f,07,45,975091,96.94141110
1809,©…,§ﬂ,08,45,975136,96.94588490
1810,´—,§v,09,45,975181,96.95035870
1811,±‘,∆“,11,45,975226,96.95483250
1812,≥≥,™˙,11,45,975271,96.95930630
1813,¥r,§ﬂ,12,45,975316,96.96378010
1814,∑V,§ﬂ,13,45,975361,96.96825391
1815,∏¶, J,13,45,975406,96.97272771
1816,π–,§g,14,45,975451,96.97720151
1817,ª§,®•,14,45,975496,96.98167531
1818,ª€,´A,14,45,975541,96.98614911
1819,Ωk,¶Ã,15,45,975586,96.99062291
1820,¿ÿ,§Ù,17,45,975631,96.99509671
1821,¬O,§S,18,45,975676,96.99957052
1822,√~,§¸,19,45,975721,97.00404432
1823,√–,®•,19,45,975766,97.00851812
1824,∆~,¶À,32,45,975811,97.01299192
1825,©^,§j,08,44,975855,97.01736630
1826,©t,§l,08,44,975899,97.02174069
1827,©Ó,§‚,08,44,975943,97.02611507
1828,©˜,§È,08,44,975987,97.03048945
1829,™c,§Ù,08,44,976031,97.03486384
1830,∏n, I,13,44,976075,97.03923822
1831,∫},§Ù,14,44,976119,97.04361260
1832,ºQ,§f,15,44,976163,97.04798699
1833,º§,§ﬂ,15,44,976207,97.05236137
1834,ΩÂ,®©,15,44,976251,97.05673576
1835,æW,™˜,15,44,976295,97.06111014
1836,øU,§ı,16,44,976339,97.06548452
1837,¡x,¶◊,17,44,976383,97.06985891
1838,ƒÊ,§Ï,21,44,976427,97.07423329
1839,§π,§I,04,43,976470,97.07850826
1840,•È,§H,06,43,976513,97.08278322
1841,•¸,§I,06,43,976556,97.08705819
1842,ß©,§k,07,43,976599,97.09133315
1843,®I,§Ù,07,43,976642,97.09560812
1844,®Ù,§Q,08,43,976685,97.09988308
1845,©ª,…L,08,43,976728,97.10415805
1846,©Ù,§È,08,43,976771,97.10843302
1847,´k,§O,09,43,976814,97.11270798
1848,¨¿,•…,09,43,976857,97.11698295
1849,¥—,§Ï,12,43,976900,97.12125791
1850,π¥,§H,14,43,976943,97.12553288
1851,Ω}, I,15,43,976986,97.12980785
1852,æK,®ª,15,43,977029,97.13408281
1853,æÆ,∆≈,16,43,977072,97.13835778
1854,ø±,¶◊,16,43,977115,97.14263274
1855,¡È,™˜,17,43,977158,97.14690771
1856,¬y,§¸,18,43,977201,97.15118267
1857,ƒ‚,§‚,21,43,977244,97.15545764
1858,®˜,∆»,08,42,977286,97.15963319
1859,´˜,§‚,09,42,977328,97.16380874
1860,≠‚,∆≈,10,42,977370,97.16798428
1861,∞q,®∂,10,42,977412,97.17215983
1862,≤®,•‘,11,42,977454,97.17633538
1863,¥’,§Ï,12,42,977496,97.18051093
1864,µƒ,¶◊,12,42,977538,97.18468648
1865,∂b,®Æ,12,42,977580,97.18886202
1866,∏¡,¶‰,13,42,977622,97.19303757
1867,π],™˜,13,42,977664,97.19721312
1868,π¿,§f,14,42,977706,97.20138867
1869,∫V,∆“,14,42,977748,97.20556422
1870,ª¯,§H,15,42,977790,97.20973976
1871,º∑,§‚,15,42,977832,97.21391531
1872,ø«,¶Á,16,42,977874,97.21809086
1873,ƒU,§O,20,42,977916,97.22226641
1874,≈u,§‚,22,42,977958,97.22644196
1875,¶∑,§Ï,06,41,977999,97.23051809
1876,ß“,§ﬂ,07,41,978040,97.23459422
1877,®ø,™˙,07,41,978081,97.23867035
1878,©[,§g,08,41,978122,97.24274648
1879,™‚, J,08,41,978163,97.24682261
1880,≤Ô, J,11,41,978204,97.25089874
1881,¥H,∆À,12,41,978245,97.25497487
1882,¥œ,§Ï,12,41,978286,97.25905100
1883,π£,∞®,13,41,978327,97.26312713
1884,∫◊,•‹,14,41,978368,97.26720326
1885,ºq,∆Œ,15,41,978409,97.27127939
1886,º‚,§Ù,15,41,978450,97.27535552
1887,¡o,¶’,17,41,978491,97.27943165
1888,√˝,≠µ,19,41,978532,97.28350778
1889,ƒG,‘I,19,41,978573,97.28758391
1890,ƒ∂,®•,20,41,978614,97.29166004
1891,§Ì,§Ì,04,40,978654,97.29563675
1892,•ƒ,§Ù,05,40,978694,97.29961346
1893,¶Ø,§È,06,40,978734,97.30359018
1894,ßI,§I,07,40,978774,97.30756689
1895,¨¡,•…,09,40,978814,97.31154360
1896,¨Ã,∆‘,09,40,978854,97.31552031
1897,≠Z, J,09,40,978894,97.31949703
1898,∞≈,§M,11,40,978934,97.32347374
1899,ø¸,™˜,16,40,978974,97.32745045
1900,¡˜,´B,17,40,979014,97.33142716
1901,ƒq,•€,20,40,979054,97.33540387
1902,≈F,®Æ,21,40,979094,97.33938059
1903,≈s,§},22,40,979134,97.34335730
1904,≈},∆‘,22,40,979174,97.34733401
1905,≈ß,¶Á,22,40,979214,97.35131072
1906,§A,§A,01,39,979253,97.35518802
1907,§ƒ,∆∆,04,39,979292,97.35906531
1908,•·,§@,06,39,979331,97.36294261
1909,ßb,§f,07,39,979370,97.36681990
1910,™a,§Ù,08,39,979409,97.37069720
1911,≠C,¶’,09,39,979448,97.37457449
1912,ÆI,§g,10,39,979487,97.37845179
1913,Ø÷,¶◊,10,39,979526,97.38232908
1914,ØÓ, J,10,39,979565,97.38620638
1915,∞’,§f,11,39,979604,97.39008367
1916,¥‹,§Ì,12,39,979643,97.39396096
1917,∑◊,§ı,13,39,979682,97.39783826
1918,º¢,§ﬂ,15,39,979721,97.40171555
1919,º˛,•…,15,39,979760,97.40559285
1920,¬H,∂¡,17,39,979799,97.40947014
1921,¬≥,¶Ã,18,39,979838,97.41334744
1922,§√,∆∆,04,38,979876,97.41712531
1923,ß¥,§k,07,38,979914,97.42090319
1924,©b,§j,08,38,979952,97.42468107
1925,¨W,§Ï,09,38,979990,97.42845894
1926,≠X, J,09,38,980028,97.43223682
1927,≠˙,§f,10,38,980066,97.43601470
1928,Æb,∆À,10,38,980104,97.43979257
1929,Æ„,§Ï,10,38,980142,97.44357045
1930,≤\,§Ù,11,38,980180,97.44734833
1931,∏z,¶◊,13,38,980218,97.45112620
1932,π°,≠π,13,38,980256,97.45490408
1933,ªÔ,≥æ,14,38,980294,97.45868196
1934,ºF,…D,15,38,980332,97.46245984
1935,Ω≥, J,15,38,980370,97.46623771
1936,æJ,®ª,15,38,980408,97.47001559
1937,øo,•›,16,38,980446,97.47379347
1938,¡},¶·,17,38,980484,97.47757134
1939,√Q,∞≠,18,38,980522,97.48134922
1940,≈®,¶Á,22,38,980560,97.48512710
1941,≈º,∞©,23,38,980598,97.48890497
1942,∆_,™˜,25,38,980636,97.49268285
1943,§V,§@,03,37,980673,97.49636131
1944,§i,§i,03,37,980710,97.50003977
1945,¶æ,§Ù,06,37,980747,97.50371823
1946,¶ı,§H,07,37,980784,97.50739669
1947,ßk,§f,07,37,980821,97.51107514
1948,ßÌ,§‚,07,37,980858,97.51475360
1949,´J,§H,09,37,980895,97.51843206
1950,´Î,§ﬂ,09,37,980932,97.52211052
1951,±©,§ﬂ,11,37,980969,97.52578898
1952,±Á,§Ï,11,37,981006,97.52946744
1953,≥{,∆÷,11,37,981043,97.53314590
1954,≥€,§f,12,37,981080,97.53682436
1955,¥ª,§È,12,37,981117,97.54050282
1956,µı,¶Á,12,37,981154,97.54418127
1957,∂Ó,§g,13,37,981191,97.54785973
1958,∏u,¶’,13,37,981228,97.55153819
1959,Ωµ, J,15,37,981265,97.55521665
1960,æÂ,§È,16,37,981302,97.55889511
1961,¬‘,®•,18,37,981339,97.56257357
1962,≈¢,¶À,22,37,981376,97.56625203
1963,ıX,≠π,20,37,981413,97.56993049
1964,•z,§f,05,36,981449,97.57350953
1965,•Ò,§H,06,36,981485,97.57708857
1966,®™,®™,07,36,981521,97.58066761
1967,®¡,™˙,07,36,981557,97.58424665
1968,≠l,¶Ê,09,36,981593,97.58782569
1969,±_,∆Ã,11,36,981629,97.59140473
1970,≤™,∆‘,11,36,981665,97.59498378
1971,≥b,®®,11,36,981701,97.59856282
1972,≥‚,§f,12,36,981737,97.60214186
1973,µI,§ı,12,36,981773,97.60572090
1974,µ¨,¶À,12,36,981809,97.60929994
1975,ª@, I,14,36,981845,97.61287898
1976,ªW, J,14,36,981881,97.61645802
1977,ª≈,®ª,14,36,981917,97.62003706
1978,Ωº,¶‰,15,36,981953,97.62361610
1979,¿t,¿t,16,36,981989,97.62719515
1980,¬E,≥æ,17,36,982025,97.63077419
1981,√Ÿ,®©,19,36,982061,97.63435323
1982,ƒ…,≠ª,20,36,982097,97.63793227
1983,≈A,®•,21,36,982133,97.64151131
1984,•Y,…B,05,35,982168,97.64499093
1985,™”,¶◊,08,35,982203,97.64847056
1986,´y,§f,09,35,982238,97.65195018
1987,¨z,§Ù,09,35,982273,97.65542980
1988,≠S, J,09,35,982308,97.65890943
1989,Æ@,§f,10,35,982343,97.66238905
1990,ØE,§Ù,10,35,982378,97.66586867
1991,∞≠,∞≠,10,35,982413,97.66934830
1992,±≤,§‚,11,35,982448,97.67282792
1993,¥[,∆Œ,12,35,982483,97.67630754
1994,∂Ò,§g,13,35,982518,97.67978717
1995,ªr,¶Á,14,35,982553,97.68326679
1996,ªÆ,®™,14,35,982588,97.68674641
1997,ΩG,∆‘,15,35,982623,97.69022604
1998,æ¶,æ¶,15,35,982658,97.69370566
1999,¡l,¶–,17,35,982693,97.69718528
2000,¡u,¶◊,17,35,982728,97.70066491
2001,≈¯,¶Œ,24,35,982763,97.70414453
2002,∆{,‘J,29,35,982798,97.70762415
2003,•±,§},05,34,982832,97.71100436
2004,®O,§Ù,07,34,982866,97.71438456
2005,®{,¶◊,07,34,982900,97.71776477
2006,©n,§k,08,34,982934,97.72114498
2007,´Í,§ﬂ,09,34,982968,97.72452518
2008,´Ì,§ﬂ,09,34,983002,97.72790539
2009,∞^,®©,10,34,983036,97.73128559
2010,±ª,§‚,11,34,983070,97.73466580
2011,≥·,§f,12,34,983104,97.73804600
2012,¥U,§y,12,34,983138,97.74142621
2013,¥◊,§Ï,12,34,983172,97.74480641
2014,µY,•…,12,34,983206,97.74818662
2015,µ},•›,12,34,983240,97.75156682
2016,∂h,∆÷,12,34,983274,97.75494703
2017,π©,π©,13,34,983308,97.75832724
2018,π˙,§{,14,34,983342,97.76170744
2019,ΩÀ,®•,15,34,983376,97.76508765
2020,ø©, I,16,34,983410,97.76846785
2021,ø”,®•,16,34,983444,97.77184806
2022,¿Í,§ı,17,34,983478,97.77522826
2023,¡@,•ÿ,17,34,983512,97.77860847
2024,¬i,§Ï,18,34,983546,97.78198867
2025,√Z,≥æ,18,34,983580,97.78536888
2026,§≥,§H,04,33,983613,97.78864967
2027,¶–,¶–,06,33,983646,97.79193046
2028,®ÿ,§H,08,33,983679,97.79521124
2029,©h,§k,08,33,983712,97.79849203
2030,©•,§s,08,33,983745,97.80177282
2031,™N,§Ï,08,33,983778,97.80505361
2032,™Õ,¶◊,08,33,983811,97.80833439
2033,´ı,§‚,09,33,983844,97.81161518
2034,ÆT,§k,10,33,983877,97.81489597
2035,±»,§‚,11,33,983910,97.81817676
2036,≥º,≠∂,11,33,983943,97.82145754
2037,¥∑,§È,12,33,983976,97.82473833
2038,∂“,§O,13,33,984009,97.82801912
2039,º´,§ﬂ,15,33,984042,97.83129991
2040,ºÔ,§Ù,15,33,984075,97.83458070
2041,ΩF,∆‘,15,33,984108,97.83786148
2042,Ω|, I,15,33,984141,97.84114227
2043,¿›,§Ù,17,33,984174,97.84442306
2044,¡Ô,™˘,17,33,984207,97.84770385
2045,ƒa,§ﬂ,20,33,984240,97.85098463
2046,∆p,™˜,27,33,984273,97.85426542
2047,•æ,§Ï,05,32,984305,97.85744679
2048,®ƒ,∆¿,08,32,984337,97.86062816
2049,©Ô,§‚,08,32,984369,97.86380953
2050,≠Ø,™˙,09,32,984401,97.86699090
2051,≠ ,§H,10,32,984433,97.87017227
2052,∞·,§f,11,32,984465,97.87335364
2053,±y,§ﬂ,11,32,984497,97.87653501
2054,≤P,§Ù,11,32,984529,97.87971638
2055,≤^,§Ù,11,32,984561,97.88289775
2056,≤i,§ı,11,32,984593,97.88607912
2057,≤∞,•◊,11,32,984625,97.88926049
2058,¥È,§Ù,12,32,984657,97.89244186
2059,∑O,§ﬂ,13,32,984689,97.89562323
2060,∑∏,§Ù,13,32,984721,97.89880460
2061,∏@,•ÿ,13,32,984753,97.90198597
2062,πƒ,§f,14,32,984785,97.90516734
2063,ª`, J,14,32,984817,97.90834871
2064,ªÊ,≠π,14,32,984849,97.91153008
2065,¿Ô,§ˆ,17,32,984881,97.91471145
2066,ƒ∆,≠∑,20,32,984913,97.91789282
2067,ƒÀ,∞®,20,32,984945,97.92107419
2068,ƒÈ,§Ù,21,32,984977,97.92425556
2069,ßE,§H,07,31,985008,97.92733751
2070,ß≈,§u,07,31,985039,97.93041946
2071,©¨,§y,08,31,985070,97.93350142
2072,™›, J,08,31,985101,97.93658337
2073,´j,§O,09,31,985132,97.93966532
2074,´s,§f,09,31,985163,97.94274727
2075,¨B,§‚,09,31,985194,97.94582922
2076,≠G,¶◊,09,31,985225,97.94891118
2077,ÆQ,§k,10,31,985256,97.95199313
2078,Æ˚,§Ù,10,31,985287,97.95507508
2079,±Ì,§Ï,11,31,985318,97.95815703
2080,≥Î,§f,12,31,985349,97.96123898
2081,µ√,¶◊,12,31,985380,97.96432094
2082,∏Æ, J,13,31,985411,97.96740289
2083,πO,∆÷,13,31,985442,97.97048484
2084,∫z,§Ù,14,31,985473,97.97356679
2085,ª[, J,14,31,985504,97.97664874
2086,ªª,∆÷,14,31,985535,97.97973070
2087,æU,™˜,15,31,985566,97.98281265
2088,¬Ê,®ª,18,31,985597,97.98589460
2089,∆J,∞®,24,31,985628,97.98897655
2090,¶T,§f,06,30,985658,97.99195909
2091,ß¸,§Ï,07,30,985688,97.99494162
2092,™q,§Ù,08,30,985718,97.99792416
2093,¨¬,•…,09,30,985748,98.00090669
2094,Æ©,§ﬂ,10,30,985778,98.00388922
2095,Æ·,§Ï,10,30,985808,98.00687176
2096,∞∞,§H,11,30,985838,98.00985429
2097,≤‚,¶’,11,30,985868,98.01283683
2098,≥Í,§f,12,30,985898,98.01581936
2099,¥¶,§‚,12,30,985928,98.01880190
2100,µ¬,¶÷,12,30,985958,98.02178443
2101,∑µ,…_,13,30,985988,98.02476696
2102,∏ÿ,®•,13,30,986018,98.02774950
2103,∏‡,®•,13,30,986048,98.03073203
2104,∏Ï,®©,13,30,986078,98.03371457
2105,π{,≠∂,13,30,986108,98.03669710
2106,∫|,§Ù,14,30,986138,98.03967964
2107,ªG,¶◊,14,30,986168,98.04266217
2108,æ’,§‚,16,30,986198,98.04564470
2109,øÿ,®•,16,30,986228,98.04862724
2110,¬Ï,™˜,18,30,986258,98.05160977
2111,√˙,´B,19,30,986288,98.05459231
2112,§Y,∆ø,03,29,986317,98.05747542
2113,•∏,§Á,05,29,986346,98.06035854
2114,™g,§Ù,08,29,986375,98.06324166
2115,™’,¶◊,08,29,986404,98.06612477
2116,´r,§f,09,29,986433,98.06900789
2117,´Ω,§k,09,29,986462,98.07189101
2118,´√,§k,09,29,986491,98.07477412
2119,´Õ,§r,09,29,986520,98.07765724
2120,Ø·,¶◊,10,29,986549,98.08054036
2121,≥ ,§H,12,29,986578,98.08342347
2122,¥o,§ﬂ,12,29,986607,98.08630659
2123,¥},§‚,12,29,986636,98.08918971
2124,µd,•Õ,12,29,986665,98.09207282
2125,∏O,•€,13,29,986694,98.09495594
2126,π‡,§k,14,29,986723,98.09783905
2127,∫M,§‚,14,29,986752,98.10072217
2128,∫—,•€,14,29,986781,98.10360529
2129,∫È,¶Ã,14,29,986810,98.10648840
2130,∫¯,¶Õ,14,29,986839,98.10937152
2131,ºª,§‚,15,29,986868,98.11225464
2132,Ωr,¶Õ,15,29,986897,98.11513775
2133,√c,§g,19,29,986926,98.11802087
2134,ƒÂ,§Ï,21,29,986955,98.12090399
2135,≈n,§f,22,29,986984,98.12378710
2136,≈ﬁ,∆÷,23,29,987013,98.12667022
2137,¶Z,§f,06,28,987041,98.12945392
2138,¶Î,∆¬,07,28,987069,98.13223762
2139,ßr,§f,07,28,987097,98.13502132
2140,ß ,∆œ,07,28,987125,98.13780501
2141,©∫,…L,08,28,987153,98.14058871
2142,©∆,§ﬂ,08,28,987181,98.14337241
2143,´b,§M,09,28,987209,98.14615611
2144,¨Ë,•‹,09,28,987237,98.14893981
2145,≠s,®©,09,28,987265,98.15172351
2146,ÆH,§g,10,28,987293,98.15450721
2147,ÆJ,§g,10,28,987321,98.15729090
2148,Æº,§‚,10,28,987349,98.16007460
2149,∞J,¶Á,10,28,987377,98.16285830
2150,±I,∆À,11,28,987405,98.16564200
2151,≤n,§¯,11,28,987433,98.16842570
2152,∑ÿ,§ı,13,28,987461,98.17120940
2153,∑‰,•…,13,28,987489,98.17399310
2154,π”,§g,14,28,987517,98.17677680
2155,∫¢,§Ù,14,28,987545,98.17956049
2156,ª], J,14,28,987573,98.18234419
2157,ø´,¶–,16,28,987601,98.18512789
2158,ø‘,®•,16,28,987629,98.18791159
2159,¡B,•⁄,17,28,987657,98.19069529
2160,¬s,§Ù,18,28,987685,98.19347899
2161,∆l,¶Õ,27,28,987713,98.19626269
2162,‡≠,®ª,13,28,987741,98.19904638
2163,ßT,§O,07,27,987768,98.20173067
2164,ß¢,§g,07,27,987795,98.20441495
2165,©g,§k,08,27,987822,98.20709923
2166,´d,§M,09,27,987849,98.20978351
2167,≠‹,§H,10,27,987876,98.21246779
2168,Æ∞,§·,10,27,987903,98.21515207
2169,Øv,•ÿ,10,27,987930,98.21783635
2170,±À,§‚,11,27,987957,98.22052063
2171,≤O,§Ù,11,27,987984,98.22320491
2172,∂∆,§H,13,27,988011,98.22588919
2173,∏¢,¶◊,13,27,988038,98.22857347
2174,∫w,§Ù,14,27,988065,98.23125775
2175,∫£,§Ù,14,27,988092,98.23394204
2176,ªÓ,∞≠,14,27,988119,98.23662632
2177,ºı,§ı,15,27,988146,98.23931060
2178,Ω·,®©,15,27,988173,98.24199488
2179,æT,™˜,15,27,988200,98.24467916
2180,æŸ,§‚,16,27,988227,98.24736344
2181,¬», J,18,27,988254,98.25004772
2182,√√, J,19,27,988281,98.25273200
2183,≈G,®Ø,21,27,988308,98.25541628
2184,∆Z,¶‰,25,27,988335,98.25810056
2185,•˚,§I,06,26,988361,98.26068543
2186,¶Æ,§È,06,26,988387,98.26327029
2187,™¥,•…,08,26,988413,98.26585515
2188,™»,¶Õ,08,26,988439,98.26844002
2189,™Ÿ,¶ﬁ,08,26,988465,98.27102488
2190,¨ﬁ,•ÿ,09,26,988491,98.27360974
2191,≠•,®∂,09,26,988517,98.27619460
2192,Æﬂ,§Ï,10,26,988543,98.27877947
2193,Ø—,¶‘,10,26,988569,98.28136433
2194,±T,§s,11,26,988595,98.28394919
2195,≥≈,§H,12,26,988621,98.28653406
2196,¥Ø,∆“,12,26,988647,98.28911892
2197,¥˜,§Ù,12,26,988673,98.29170378
2198,µæ,¶–,12,26,988699,98.29428865
2199,µ‰, J,12,26,988725,98.29687351
2200,∏˙,®≠,13,26,988751,98.29945837
2201,πd,™˜,13,26,988777,98.30204323
2202,∫ª,§¸,14,26,988803,98.30462810
2203,∫¿,•…,14,26,988829,98.30721296
2204,ªŒ,™˜,14,26,988855,98.30979782
2205,º≈,∆“,15,26,988881,98.31238269
2206,ºÍ,§Ù,15,26,988907,98.31496755
2207,ΩÓ,®¨,15,26,988933,98.31755241
2208,æ¡,§g,16,26,988959,98.32013728
2209,æÛ,§Ï,16,26,988985,98.32272214
2210,¿±,§},17,26,989011,98.32530700
2211,¡“,®Æ,17,26,989037,98.32789187
2212,¬›,®¨,18,26,989063,98.33047673
2213,√k,§‚,19,26,989089,98.33306159
2214,√‚,®Æ,19,26,989115,98.33564645
2215,ƒA,≠∂,19,26,989141,98.33823132
2216,≈x,§Ù,22,26,989167,98.34081618
2217,€£, J,12,26,989193,98.34340104
2218,¶⁄,¶⁄,06,25,989218,98.34588649
2219,©},§r,08,25,989243,98.34837193
2220,©£,§s,08,25,989268,98.35085738
2221,©È,§‚,08,25,989293,98.35334282
2222,™º,•ÿ,08,25,989318,98.35582827
2223,´”,§y,09,25,989343,98.35831371
2224,¨˚,¶Œ,09,25,989368,98.36079916
2225,≠T, J,09,25,989393,98.36328461
2226,≠m,¶Á,09,25,989418,98.36577005
2227,≠ß,®∂,09,25,989443,98.36825550
2228,±Ù,§Ï,11,25,989468,98.37074094
2229,≥u,∆÷,11,25,989493,98.37322639
2230,≥},∆÷,11,25,989518,98.37571183
2231,≥Æ,™˙,11,25,989543,98.37819728
2232,∏],•ﬁ,13,25,989568,98.38068272
2233,πa,™˜,13,25,989593,98.38316817
2234,∫∆,∆‘,14,25,989618,98.38565361
2235,Ωb,¶À,15,25,989643,98.38813906
2236,Ω~,¶œ,15,25,989668,98.39062450
2237,Ωˆ,®≠,15,25,989693,98.39310995
2238,¡V,¶Ã,17,25,989718,98.39559539
2239,¬L,∂¬,17,25,989743,98.39808084
2240,√x,§Ù,19,25,989768,98.40056628
2241,ƒÍ,§ı,21,25,989793,98.40305173
2242,(≈Œ),§È,23,25,989818,98.40553717
2243,≈—,•ﬁ,23,25,989843,98.40802262
2244,≈Û,§‚,24,25,989868,98.41050806
2245,§Ê,§Ê,04,24,989892,98.41289409
2246,¶H,§O,06,24,989916,98.41528012
2247,¶ﬁ,¶ﬁ,06,24,989940,98.41766615
2248,ßn,§f,07,24,989964,98.42005217
2249,®N,§Ù,07,24,989988,98.42243820
2250,®v,¶◊,07,24,990012,98.42482423
2251,®˚,§S,08,24,990036,98.42721026
2252,©z,∆À,08,24,990060,98.42959628
2253,≠Î,∆»,10,24,990084,98.43198231
2254,Æ•,§ﬂ,10,24,990108,98.43436834
2255,Æ±,§‚,10,24,990132,98.43675437
2256,±≠,§‡,11,24,990156,98.43914039
2257,±◊,§Ê,11,24,990180,98.44152642
2258,≥Y,®•,11,24,990204,98.44391245
2259,¥J,∆À,12,24,990228,98.44629848
2260,∂±,´A,12,24,990252,98.44868450
2261,∑“,§ı,13,24,990276,98.45107053
2262,∏J,•€,13,24,990300,98.45345656
2263,ºæ,§‚,15,24,990324,98.45584259
2264,ºÏ,§Ù,15,24,990348,98.45822861
2265,Ω±, J,15,24,990372,98.46061464
2266,Ω¥, J,15,24,990396,98.46300067
2267,æ—,§ﬂ,16,24,990420,98.46538670
2268,øµ,¶‡,16,24,990444,98.46777272
2269,ø∫, J,16,24,990468,98.47015875
2270,øÌ,∆÷,16,24,990492,98.47254478
2271,¡_,¶Õ,17,24,990516,98.47493081
2272,¡¢, J,17,24,990540,98.47731683
2273,¡º,®•,17,24,990564,98.47970286
2274,√¥,¶Õ,19,24,990588,98.48208889
2275,≈|,•–,22,24,990612,98.48447491
2276,≈±,™˜,22,24,990636,98.48686094
2277,∆C,®ª,24,24,990660,98.48924697
2278,®c,§˚,07,23,990683,98.49153358
2279,®¥,∆÷,07,23,990706,98.49382019
2280,©ı,§È,08,23,990729,98.49610680
2281,™[,§Ó,08,23,990752,98.49839341
2282,´¿,§k,09,23,990775,98.50068002
2283,¨π,§˚,09,23,990798,98.50296663
2284,¨ﬂ,•ÿ,09,23,990821,98.50525324
2285,≠’,§H,10,23,990844,98.50753985
2286,≠Â,§M,10,23,990867,98.50982646
2287,Ø∂,•ﬁ,10,23,990890,98.51211307
2288,±Y,§s,11,23,990913,98.51439968
2289,±^,§s,11,23,990936,98.51668629
2290,∂S,®©,12,23,990959,98.51897289
2291,∂s,™˜,12,23,990982,98.52125950
2292,∑W,§ﬂ,13,23,991005,98.52354611
2293,∑›,§˜,13,23,991028,98.52583272
2294,∏r,¶œ,13,23,991051,98.52811933
2295,πË,∆À,14,23,991074,98.53040594
2296,ºd,∆À,15,23,991097,98.53269255
2297,ºπ,§‚,15,23,991120,98.53497916
2298,(ºŸ),§Ï,15,23,991143,98.53726577
2299,º·,§Ù,15,23,991166,98.53955238
2300,æB,∆÷,15,23,991189,98.54183899
2301,æ‰,§È,16,23,991212,98.54412560
2302,¿|,§f,17,23,991235,98.54641221
2303,¿˛,•ÿ,17,23,991258,98.54869882
2304,√¶,•–,19,23,991281,98.55098543
2305,√ø, J,19,23,991304,98.55327204
2306,ƒ’,æ¶,20,23,991327,98.55555865
2307,ƒÒ,¶Õ,21,23,991350,98.55784526
2308,≈P,™˘,21,23,991373,98.56013187
2309,∆f,•ÿ,26,23,991396,98.56241848
2310,§≈,∆∆,04,22,991418,98.56460567
2311,•£,§k,05,22,991440,98.56679286
2312,ßR,§M,07,22,991462,98.56898005
2313,ß],§f,07,22,991484,98.57116724
2314,ß€,§‚,07,22,991506,98.57335444
2315,ßﬂ,§‚,07,22,991528,98.57554163
2316,©¸,§È,08,22,991550,98.57772882
2317,´},§f,09,22,991572,98.57991601
2318,¨¥,§ı,09,22,991594,98.58210320
2319,≠«,§H,10,22,991616,98.58429040
2320,≠È,§M,10,22,991638,98.58647759
2321,Æ®,§ﬂ,10,22,991660,98.58866478
2322,Ø¥,•›,10,22,991682,98.59085197
2323,Ø‰,¶€,10,22,991704,98.59303916
2324,≤√,¶À,11,22,991726,98.59522635
2325,µ ,¶◊,12,22,991748,98.59741355
2326,∑T,§ﬂ,13,22,991770,98.59960074
2327,∏|,¶◊,13,22,991792,98.60178793
2328,∏∑, O,13,22,991814,98.60397512
2329,πE,∆÷,13,22,991836,98.60616231
2330,πΩ,…D,14,22,991858,98.60834951
2331,ªA,¶–,14,22,991880,98.61053670
2332,ª‰,≠∑,14,22,991902,98.61272389
2333,ºi,§r,15,22,991924,98.61491108
2334,º∂,§‚,15,22,991946,98.61709827
2335,ºÊ,§Ù,15,22,991968,98.61928546
2336,øj,•€,16,22,991990,98.62147266
2337,¿A,™˜,16,22,992012,98.62365985
2338,¿k,≥æ,16,22,992034,98.62584704
2339,¡F,•€,17,22,992056,98.62803423
2340,√∆,¶‰,19,22,992078,98.63022142
2341,ƒÃ,∞®,20,22,992100,98.63240862
2342,≈Ω,‘I,22,22,992122,98.63459581
2343,§‡,§‡,04,21,992143,98.63668358
2344,•C,§@,05,21,992164,98.63877135
2345,•∞,§},05,21,992185,98.64085913
2346,®b,§ı,07,21,992206,98.64294690
2347,©’,§‚,08,21,992227,98.64503468
2348,©Ÿ,§‚,08,21,992248,98.64712245
2349,™∑,∆‘,08,21,992269,98.64921022
2350,´q,§S,09,21,992290,98.65129800
2351,¨Ω,§¸,09,21,992311,98.65338577
2352,≠˘,§f,10,21,992332,98.65547355
2353,Æ¨,§ﬂ,10,21,992353,98.65756132
2354,Æ ,§È,10,21,992374,98.65964909
2355,Æÿ,§Ï,10,21,992395,98.66173687
2356,ØO,§ı,10,21,992416,98.66382464
2357,±∑,§‚,11,21,992437,98.66591242
2358,¥€,§Ì,12,21,992458,98.66800019
2359,µ◊, J,12,21,992479,98.67008796
2360,∂ı,§g,13,21,992500,98.67217574
2361,∑Ÿ,§ı,13,21,992521,98.67426351
2362,∏v,¶÷,13,21,992542,98.67635129
2363,∏‚,®•,13,21,992563,98.67843906
2364,∫b,§Ï,14,21,992584,98.68052683
2365,∫“,•€,14,21,992605,98.68261461
2366,ª∫,∆÷,14,21,992626,98.68470238
2367,ºY,§g,15,21,992647,98.68679016
2368,º›,…_,15,21,992668,98.68887793
2369,Ωl,¶Õ,15,21,992689,98.69096570
2370,æ∏,§f,16,21,992710,98.69305348
2371,æÎ,§Ï,16,21,992731,98.69514125
2372,¿e,∞©,16,21,992752,98.69722903
2373,¿È,§ı,17,21,992773,98.69931680
2374,ƒF,∞®,19,21,992794,98.70140457
2375,ƒÎ,§˚,20,21,992815,98.70349235
2376,Áx, J,15,21,992836,98.70558012
2377,Ï°,≥Ω,16,21,992857,98.70766790
2378,•Î,§H,06,20,992877,98.70965625
2379,¶‡,¶‡,06,20,992897,98.71164461
2380,ßº,§q,07,20,992917,98.71363297
2381,™€, J,08,20,992937,98.71562132
2382,™ﬁ, J,08,20,992957,98.71760968
2383,≠¡,§H,10,20,992977,98.71959803
2384,ÆS,§k,10,20,992997,98.72158639
2385,Æ_,∆À,10,20,993017,98.72357475
2386,Æµ,§‚,10,20,993037,98.72556310
2387,Ææ,§‚,10,20,993057,98.72755146
2388,Æ‚,§Ï,10,20,993077,98.72953981
2389,Æ‰,§Ï,10,20,993097,98.73152817
2390,ÆÔ,…_,10,20,993117,98.73351653
2391,≤¬,¶À,11,20,993137,98.73550488
2392,≥D,¶‰,11,20,993157,98.73749324
2393,≥˝,§h,12,20,993177,98.73948160
2394,¥ƒ,§Ï,12,20,993197,98.74146995
2395,∂e,∆÷,12,20,993217,98.74345831
2396,∑@,§k,13,20,993237,98.74544666
2397,∑Â,•…,13,20,993257,98.74743502
2398,π¬,§f,14,20,993277,98.74942338
2399,ªÏ,‘I,14,20,993297,98.75141173
2400,Ω],•›,15,20,993317,98.75340009
2401,øs,•ﬁ,16,20,993337,98.75538845
2402,¿™,§q,17,20,993357,98.75737680
2403,¬´,•ﬁ,18,20,993377,98.75936516
2404,≈´,®©,22,20,993397,98.76135351
2405,§´,§G,04,19,993416,98.76324245
2406,•»,•»,05,19,993435,98.76513139
2407,•Ÿ,•Ÿ,05,19,993454,98.76702033
2408,¶Q,§f,06,19,993473,98.76890927
2409,¶i,§j,06,19,993492,98.77079821
2410,®K,§Ù,07,19,993511,98.77268714
2411,®~, J,07,19,993530,98.77457608
2412,≠h, O,09,19,993549,98.77646502
2413,≠·,∆≈,10,19,993568,98.77835396
2414,Æﬁ,§Ï,10,19,993587,98.78024290
2415,ØT,§¸,10,19,993606,98.78213184
2416,Øx,•⁄,10,19,993625,98.78402077
2417,ØØ,•›,10,19,993644,98.78590971
2418,∞d,®∞,10,19,993663,98.78779865
2419,±e,∆Œ,11,19,993682,98.78968759
2420,±l,∆—,11,19,993701,98.79157653
2421,≥V,®£,11,19,993720,98.79346547
2422,≥˛,§j,12,19,993739,98.79535440
2423,¥n,§ﬂ,12,19,993758,98.79724334
2424,¥‘,§Ï,12,19,993777,98.79913228
2425,¥‡,§Ú,12,19,993796,98.80102122
2426,¥Ï,§Ù,12,19,993815,98.80291016
2427,¥˝,§Ù,12,19,993834,98.80479910
2428,∂¥,≠≥,12,19,993853,98.80668803
2429,∑H,∆Œ,13,19,993872,98.80857697
2430,ºJ,§f,15,19,993891,98.81046591
2431,ΩÎ,®´,15,19,993910,98.81235485
2432,ΩÚ,®¨,15,19,993929,98.81424379
2433,æQ,™˜,15,19,993948,98.81613273
2434,ø|,¶Ã,16,19,993967,98.81802167
2435,øˆ,™˜,16,19,993986,98.81991060
2436,¿N,´B,16,19,994005,98.82179954
2437,¿ﬂ,§Ù,17,19,994024,98.82368848
2438,¡˝,≠π,17,19,994043,98.82557742
2439,¬ﬂ,®≠,18,19,994062,98.82746636
2440,√´,•‹,19,19,994081,98.82935530
2441,ƒd,§‚,20,19,994100,98.83124423
2442,∆v,®ß,28,19,994119,98.83313317
2443,§˛,§@,05,18,994137,98.83492269
2444,ßÊ,§‚,07,18,994155,98.83671221
2445,®L,§Ù,07,18,994173,98.83850173
2446,®f,§¸,07,18,994191,98.84029125
2447,®o,•⁄,07,18,994209,98.84208077
2448,©G,§f,08,18,994227,98.84387030
2449,´Ú,§ﬂ,09,18,994245,98.84565982
2450,¨™,§Ù,09,18,994263,98.84744934
2451,¨◊,•◊,09,18,994281,98.84923886
2452,≠Æ,™˙,09,18,994299,98.85102838
2453,Æø,§‚,10,18,994317,98.85281790
2454,∞@, O,10,18,994335,98.85460742
2455,≥r,∆÷,11,18,994353,98.85639694
2456,¥ﬂ,…_,12,18,994371,98.85818646
2457,¥Í,§Ù,12,18,994389,98.85997598
2458,∂d,®Ø,12,18,994407,98.86176550
2459,∑u,§È,13,18,994425,98.86355502
2460,∑¨,§Ï,13,18,994443,98.86534454
2461,∑≤,§Ì,13,18,994461,98.86713406
2462,πÊ,∆À,14,18,994479,98.86892358
2463,∫”,•€,14,18,994497,98.87071310
2464,ª∂,®Ø,14,18,994515,98.87250262
2465,ª˙,§H,15,18,994533,98.87429215
2466,ΩK,•÷,15,18,994551,98.87608167
2467,æ˛,§Ù,16,18,994569,98.87787119
2468,ø∞,¶◊,16,18,994587,98.87966071
2469,¡≥,¶‰,17,18,994605,98.88145023
2470,¬p,§Ù,18,18,994623,98.88323975
2471,¬°,∆‘,18,18,994641,98.88502927
2472,√i,§ﬂ,19,18,994659,98.88681879
2473,√”,®•,19,18,994677,98.88860831
2474,√€,®¨,19,18,994695,98.89039783
2475,ƒ˙,¶‰,21,18,994713,98.89218735
2476,(∆A),¶‚,24,18,994731,98.89397687
2477,§®,∆¿,04,17,994748,98.89566697
2478,ßæ,§r,07,17,994765,98.89735708
2479,®d,§˚,07,17,994782,98.89904718
2480,®u, I,07,17,994799,98.90073728
2481,®˛,§f,08,17,994816,98.90242739
2482,©¯,§È,08,17,994833,98.90411749
2483,™√,•›,08,17,994850,98.90580759
2484,™◊,¶⁄,08,17,994867,98.90749769
2485,´L,§H,09,17,994884,98.90918780
2486,Æm,§s,10,17,994901,98.91087790
2487,Æ€,§Ï,10,17,994918,98.91256800
2488,ØU,§¸,10,17,994935,98.91425810
2489,∞\,À§,10,17,994952,98.91594821
2490,≤Ø,•◊,11,17,994969,98.91763831
2491,≤€,¶œ,11,17,994986,98.91932841
2492,≤‰,¶◊,11,17,995003,98.92101852
2493,≥ˆ,§g,12,17,995020,98.92270862
2494,¥@,§k,12,17,995037,98.92439872
2495,µ©,¶À,12,17,995054,98.92608882
2496,∂B,®•,12,17,995071,98.92777893
2497,∑π,§Ù,13,17,995088,98.92946903
2498,∏L,•€,13,17,995105,98.93115913
2499,π_,™˜,13,17,995122,98.93284923
2500,π‘,§g,14,17,995139,98.93453934
2501,π¯,∆Œ,14,17,995156,98.93622944
2502,∫[,§È,14,17,995173,98.93791954
2503,∫æ,•…,14,17,995190,98.93960965
2504,∫ı,¶Õ,14,17,995207,98.94129975
2505,ªa, J,14,17,995224,98.94298985
2506,ª√,®ª,14,17,995241,98.94467995
2507,º—,§Ï,15,17,995258,98.94637006
2508,Ω_,•›,15,17,995275,98.94806016
2509,æz,∞≠,15,17,995292,98.94975026
2510,(æ±),§O,16,17,995309,98.95144037
2511,æÌ,§Ï,16,17,995326,98.95313047
2512,øm,•‹,16,17,995343,98.95482057
2513,øﬂ,À§,16,17,995360,98.95651067
2514,¿˙,•◊,17,17,995377,98.95820078
2515,¡q,¶’,17,17,995394,98.95989088
2516,¡Â,™˜,17,17,995411,98.96158098
2517,(√®),∆‘,19,17,995428,98.96327108
2518,ƒ˚,¶Á,21,17,995445,98.96496119
2519,ÊC,§Ù,15,17,995462,98.96665129
2520,ˆt,≠∑,21,17,995479,98.96834139
2521,§ø,…B,04,16,995495,98.96993208
2522,•W,…B,05,16,995511,98.97152276
2523,•ﬁ,•ﬁ,05,16,995527,98.97311345
2524,¶|,§y,06,16,995543,98.97470413
2525,¶¡,§Ù,06,16,995559,98.97629482
2526,ß{,§g,07,16,995575,98.97788550
2527,ßÁ,§‚,07,16,995591,98.97947619
2528,®j,•Œ,07,16,995607,98.98106687
2529,®∏,®∂,07,16,995623,98.98265756
2530,©ﬂ,§‚,08,16,995639,98.98424824
2531,´Ô,§ﬂ,09,16,995655,98.98583893
2532,¨L,§È,09,16,995671,98.98742961
2533,¨\,§Ï,09,16,995687,98.98902030
2534,¨],§Ï,09,16,995703,98.99061098
2535,¨Ø,§ı,09,16,995719,98.99220167
2536,≠¬,§H,10,16,995735,98.99379235
2537,Ø`,•–,10,16,995751,98.99538304
2538,±X,§s,11,16,995767,98.99697372
2539,≥Z,®•,11,16,995783,98.99856441
2540,≥w,∆÷,11,16,995799,99.00015509
2541,≥∂,´A,11,16,995815,99.00174578
2542,≥ƒ,§H,12,16,995831,99.00333646
2543,¥Z,∆Œ,12,16,995847,99.00492715
2544,µO,§ı,12,16,995863,99.00651783
2545,µ“, J,12,16,995879,99.00810852
2546,µ”, J,12,16,995895,99.00969920
2547,∂˘,§k,13,16,995911,99.01128989
2548,∑ª,§Ù,13,16,995927,99.01288057
2549,∏V,…®,13,16,995943,99.01447126
2550,ª},®•,14,16,995959,99.01606194
2551,ª≥,®Æ,14,16,995975,99.01765263
2552,Ω\,•›,15,16,995991,99.01924331
2553,Ω•,¶◊,15,16,996007,99.02083400
2554,ΩÃ,®•,15,16,996023,99.02242468
2555,Ω,®¨,15,16,996039,99.02401537
2556,æﬂ,§‚,16,16,996055,99.02560605
2557,ø›,®®,16,16,996071,99.02719674
2558,√˚,´D,19,16,996087,99.02878742
2559,≈o,§f,22,16,996103,99.03037811
2560,”i,¶◊,10,16,996119,99.03196879
2561,”}, J,10,16,996135,99.03355948
2562,§y,§y,03,15,996150,99.03505074
2563,§Ÿ,…K,04,15,996165,99.03654201
2564,ßu,§f,07,15,996180,99.03803328
2565,ß›,§‚,07,15,996195,99.03952454
2566,ßË,§‚,07,15,996210,99.04101581
2567,©‹,§‚,08,15,996225,99.04250708
2568,™T,§Ï,08,15,996240,99.04399835
2569,´Q,§H,09,15,996255,99.04548961
2570,´],§H,09,15,996270,99.04698088
2571,´∏,§k,09,15,996285,99.04847215
2572,Øl,∆‘,10,15,996300,99.04996341
2573,∞v,™˜,10,15,996315,99.05145468
2574,∞Ù,§g,11,15,996330,99.05294595
2575,±s,…L,11,15,996345,99.05443722
2576,≤°,•À,11,15,996360,99.05592848
2577,µ˝,®•,12,15,996375,99.05741975
2578,∑S,§ﬂ,13,15,996390,99.05891102
2579,∑ƒ,§Ù,13,15,996405,99.06040228
2580,∑Ê,•…,13,15,996420,99.06189355
2581,πT,®ª,13,15,996435,99.06338482
2582,∫Ø,§Ù,14,15,996450,99.06487609
2583,ªk,¶‰,14,15,996465,99.06636735
2584,ª÷,™˘,14,15,996480,99.06785862
2585,ªÌ,∞≠,14,15,996495,99.06934989
2586,ø∆,¶Á,16,15,996510,99.07084115
2587,¿n,≥æ,16,15,996525,99.07233242
2588,¡¡,®•,17,15,996540,99.07382369
2589,¬Ù,™˘,18,15,996555,99.07531496
2590,ƒº,®¨,20,15,996570,99.07680622
2591,ƒƒ,™˘,20,15,996585,99.07829749
2592,ƒ–,≥ø,20,15,996600,99.07978876
2593,≈∫,∞®,22,15,996615,99.08128002
2594,≈Ë,∞©,23,15,996630,99.08277129
2595,ÁE,¶ﬁ,15,15,996645,99.08426256
2596,¶E,§M,06,14,996659,99.08565441
2597,®ı,§Q,08,14,996673,99.08704626
2598,©®,§s,08,14,996687,99.08843811
2599,©·,§‚,08,14,996701,99.08982996
2600,©Â,§‚,08,14,996715,99.09122181
2601,©Î,§‚,08,14,996729,99.09261365
2602,≠F,¶◊,09,14,996743,99.09400550
2603,≠{,∆÷,09,14,996757,99.09539735
2604,≠Á,§M,10,14,996771,99.09678920
2605,Æ¢,§ﬂ,10,14,996785,99.09818105
2606,Æ˙,§Ù,10,14,996799,99.09957290
2607,∞u,®ª,10,14,996813,99.10096475
2608,∞…,§O,11,14,996827,99.10235660
2609,±L,§o,11,14,996841,99.10374845
2610,±√,§‚,11,14,996855,99.10514030
2611,≥›,§f,12,14,996869,99.10653215
2612,≥Ô,§f,12,14,996883,99.10792400
2613,¥e,§ﬂ,12,14,996897,99.10931585
2614,¥∏,§È,12,14,996911,99.11070770
2615,¥√,§Ï,12,14,996925,99.11209955
2616,¥ ,§Ï,12,14,996939,99.11349139
2617,µX,•…,12,14,996953,99.11488324
2618,∂ ,§H,13,14,996967,99.11627509
2619,∂›,§f,13,14,996981,99.11766694
2620,∑»,§Ù,13,14,996995,99.11905879
2621,∏X,•›,13,14,997009,99.12045064
2622,π∏,§I,14,14,997023,99.12184249
2623,π√,§f,14,14,997037,99.12323434
2624,∫≤,§ı,14,14,997051,99.12462619
2625,ªp,¶Á,14,14,997065,99.12601804
2626,ªw,®•,14,14,997079,99.12740989
2627,ºœ,§Ï,15,14,997093,99.12880174
2628,Ωp,¶Õ,15,14,997107,99.13019359
2629,ΩÁ,®©,15,14,997121,99.13158544
2630,æL,®ª,15,14,997135,99.13297729
2631,øS,§ı,16,14,997149,99.13436913
2632,¿M,´B,16,14,997163,99.13576098
2633,¿a,≠π,16,14,997177,99.13715283
2634,¡I,•‹,17,14,997191,99.13854468
2635,¡W,¶Ã,17,14,997205,99.13993653
2636,¡§, J,17,14,997219,99.14132838
2637,¡ı,∆◊,17,14,997233,99.14272023
2638,√Ø,¶À,19,14,997247,99.14411208
2639,√«,¶‰,19,14,997261,99.14550393
2640,√’,®•,19,14,997275,99.14689578
2641,•Ô,§H,06,13,997288,99.14818821
2642,¶˜,§H,07,13,997301,99.14948064
2643,ß^,§f,07,13,997314,99.15077307
2644,ß|,§g,07,13,997327,99.15206550
2645,©q,§k,08,13,997340,99.15335794
2646,´N,§H,09,13,997353,99.15465037
2647,´€,∆—,09,13,997366,99.15594280
2648,¨±,§ı,09,13,997379,99.15723523
2649,¨»,•–,09,13,997392,99.15852766
2650,¨È,•‹,09,13,997405,99.15982009
2651,≠“,§H,10,13,997418,99.16111253
2652,≠Í,…C,10,13,997431,99.16240496
2653,∞A,¶‰,10,13,997444,99.16369739
2654,∞Z,®ß,10,13,997457,99.16498982
2655,∞˚,§k,11,13,997470,99.16628225
2656,±k,∆–,11,13,997483,99.16757468
2657,±∏,§‚,11,13,997496,99.16886711
2658,≤T,§Ù,11,13,997509,99.17015955
2659,≤W,§Ù,11,13,997522,99.17145198
2660,¥B,§k,12,13,997535,99.17274441
2661,∂Ã,§H,13,13,997548,99.17403684
2662,∑w,§È,13,13,997561,99.17532927
2663,∑Œ,§ı,13,13,997574,99.17662170
2664,∏G,•⁄,13,13,997587,99.17791413
2665,∏S,•‹,13,13,997600,99.17920657
2666,∫L,§‚,14,13,997613,99.18049900
2667,∫‹,•ﬂ,14,13,997626,99.18179143
2668,ªÈ,∞®,14,13,997639,99.18308386
2669,ºl,§y,15,13,997652,99.18437629
2670,º¥,§‚,15,13,997665,99.18566872
2671,º¸,•…,15,13,997678,99.18696116
2672,ΩØ, J,15,13,997691,99.18825359
2673,æø,§f,16,13,997704,99.18954602
2674,æÔ,§Ï,16,13,997717,99.19083845
2675,øz,¶À,16,13,997730,99.19213088
2676,¡C,•€,17,13,997743,99.19342331
2677,¡®, J,17,13,997756,99.19471574
2678,¡‡,®ª,17,13,997769,99.19600818
2679,¬º,¶–,18,13,997782,99.19730061
2680,¬¿,¶◊,18,13,997795,99.19859304
2681,¬ÿ,®©,18,13,997808,99.19988547
2682,√∑,¶Õ,19,13,997821,99.20117790
2683,√ ,¶‰,19,13,997834,99.20247033
2684,√Ï,™˜,19,13,997847,99.20376277
2685,ƒ≠, J,20,13,997860,99.20505520
2686,‡±,™˜,13,13,997873,99.20634763
2687,§º,§K,04,12,997885,99.20754064
2688,•M,§H,05,12,997897,99.20873366
2689,•^,∆∆,05,12,997909,99.20992667
2690,¶»,§˚,06,12,997921,99.21111968
2691,ß`,§f,07,12,997933,99.21231270
2692,ßÒ,∆“,07,12,997945,99.21350571
2693,®¿,™˙,07,12,997957,99.21469872
2694,©{,∆À,08,12,997969,99.21589174
2695,™E,§Ï,08,12,997981,99.21708475
2696,™•,§ı,08,12,997993,99.21827777
2697,™˚,™˙,08,12,998005,99.21947078
2698,¨∂,§ı,09,12,998017,99.22066379
2699,Æ∫,§‚,10,12,998029,99.22185681
2700,∞∫,§H,11,12,998041,99.22304982
2701,≤N,§Ù,11,12,998053,99.22424283
2702,≤≤,•ÿ,11,12,998065,99.22543585
2703,≤¡,¶À,11,12,998077,99.22662886
2704,≤œ,¶Õ,11,12,998089,99.22782188
2705,≤Ù, J,11,12,998101,99.22901489
2706,¥ı,§Ù,12,12,998113,99.23020790
2707,∑M,§ﬂ,13,12,998125,99.23140092
2708,∑¶,§Ï,13,12,998137,99.23259393
2709,∑∂,§,13,12,998149,99.23378694
2710,∑Ó,•–,13,12,998161,99.23497996
2711,∑Ù,∆‘,13,12,998173,99.23617297
2712,∑˝,•ÿ,13,12,998185,99.23736598
2713,π|,≠∂,13,12,998197,99.23855900
2714,∫K,§‚,14,12,998209,99.23975201
2715,∫p,§Ì,14,12,998221,99.24094503
2716,∫À,•ÿ,14,12,998233,99.24213804
2717,ªÿ,™˙,14,12,998245,99.24333105
2718,ºX,§g,15,12,998257,99.24452407
2719,ºb,§k,15,12,998269,99.24571708
2720,º€,§Ì,15,12,998281,99.24691009
2721,ºÂ,§Ù,15,12,998293,99.24810311
2722,º˝,•…,15,12,998305,99.24929612
2723,æm,∞®,15,12,998317,99.25048914
2724,ø–,®•,16,12,998329,99.25168215
2725,¿U,≠∂,16,12,998341,99.25287516
2726,¿d,∞®,16,12,998353,99.25406818
2727,¿µ,§ﬂ,17,12,998365,99.25526119
2728,¿∑,§ﬂ,17,12,998377,99.25645420
2729,¡v,¶◊,17,12,998389,99.25764722
2730,¡ÿ,∆÷,17,12,998401,99.25884023
2731,¡·,™˜,17,12,998413,99.26003325
2732,¬Q,§f,18,12,998425,99.26122626
2733,ƒi,§Ù,19,12,998437,99.26241927
2734,ƒ},¶Õ,20,12,998449,99.26361229
2735,≈∏,≠∂,22,12,998461,99.26480530
2736,≈Õ,§‚,23,12,998473,99.26599831
2737,≈Ô,≥¿,23,12,998485,99.26719133
2738,∆^,™˜,25,12,998497,99.26838434
2739,§e,§S,03,11,998508,99.26947794
2740,§,§,04,11,998519,99.27057153
2741,•c,§Q,05,11,998530,99.27166513
2742,•m,§f,05,11,998541,99.27275872
2743,¶k,§k,06,11,998552,99.27385232
2744,ßq,§f,07,11,998563,99.27494592
2745,ß≥,§k,07,11,998574,99.27603951
2746,ßˆ,§Ï,07,11,998585,99.27713311
2747,®∞,®∞,07,11,998596,99.27822670
2748,®À,§H,08,11,998607,99.27932030
2749,™y,§Ù,08,11,998618,99.28041390
2750,´t,§f,09,11,998629,99.28150749
2751,¨Ò,¶À,09,11,998640,99.28260109
2752,≠i,¶‰,09,11,998651,99.28369468
2753,≠ﬁ,∆ƒ,10,11,998662,99.28478828
2754,ÆV,§k,10,11,998673,99.28588188
2755,ÆW,§k,10,11,998684,99.28697547
2756,Æ´,§ﬂ,10,11,998695,99.28806907
2757,Øb,•–,10,11,998706,99.28916266
2758,Ø≥,•›,10,11,998717,99.29025626
2759,ØÕ,¶–,10,11,998728,99.29134986
2760,±O,§r,11,11,998739,99.29244345
2761,±ß,§ﬂ,11,11,998750,99.29353705
2762,±‰,§Í,11,11,998761,99.29463064
2763,≤´,∆‘,11,11,998772,99.29572424
2764,≤›,¶–,11,11,998783,99.29681783
2765,¥q,§ﬂ,12,11,998794,99.29791143
2766,µ~,•ﬁ,12,11,998805,99.29900503
2767,∂p,®ª,12,11,998816,99.30009862
2768,π},≠π,13,11,998827,99.30119222
2769,π±,§H,14,11,998838,99.30228581
2770,πÈ,∆À,14,11,998849,99.30337941
2771,πÒ,§s,14,11,998860,99.30447301
2772,∫@,§ﬂ,14,11,998871,99.30556660
2773,∫R,§‚,14,11,998882,99.30666020
2774,∫_,§Ï,14,11,998893,99.30775379
2775,ªJ,¶◊,14,11,998904,99.30884739
2776,ºŒ,§Ï,15,11,998915,99.30994099
2777,ΩÆ, J,15,11,998926,99.31103458
2778,Ω≈,¶Á,15,11,998937,99.31212818
2779,øL,§ı,16,11,998948,99.31322177
2780,ø£,¶Õ,16,11,998959,99.31431537
2781,ø˜,™˜,16,11,998970,99.31540897
2782,¿f,∞©,16,11,998981,99.31650256
2783,¿®,§k,17,11,998992,99.31759616
2784,¿‹,§Ù,17,11,999003,99.31868975
2785,¡O,¶À,17,11,999014,99.31978335
2786,¡∏,¶Á,17,11,999025,99.32087694
2787,¡¿,®•,17,11,999036,99.32197054
2788,¬D,≥Ω,17,11,999047,99.32306414
2789,¬c,§Ï,18,11,999058,99.32415773
2790,¬m,§Ù,18,11,999069,99.32525133
2791,¬§,•ÿ,18,11,999080,99.32634492
2792,√d,∆À,19,11,999091,99.32743852
2793,√g,§ﬂ,19,11,999102,99.32853212
2794,√•,•–,19,11,999113,99.32962571
2795,√¨,•›,19,11,999124,99.33071931
2796,ƒH,≥Ω,19,11,999135,99.33181290
2797,ƒ«,≠π,20,11,999146,99.33290650
2798,≈ı,∆‘,24,11,999157,99.33400010
2799,Àm,•–,07,11,999168,99.33509369
2800,§},§},03,10,999178,99.33608787
2801,§„,§‚,04,10,999188,99.33708205
2802,§¸,§¸,04,10,999198,99.33807623
2803,•f,∆»,05,10,999208,99.33907040
2804,•},…I,05,10,999218,99.34006458
2805,•∂,§‚,05,10,999228,99.34105876
2806,ßÚ,§È,07,10,999238,99.34205294
2807,®V,§Ù,07,10,999248,99.34304712
2808,®–,§H,08,10,999258,99.34404129
2809,™ø,•€,08,10,999268,99.34503547
2810,™«,¶À,08,10,999278,99.34602965
2811,´E,§G,09,10,999288,99.34702383
2812,´•,§f,09,10,999298,99.34801801
2813,´±,§g,09,10,999308,99.34901218
2814,´≥,§j,09,10,999318,99.35000636
2815,´¯,§‚,09,10,999328,99.35100054
2816,¨Â,•€,09,10,999338,99.35199472
2817,≠V, J,09,10,999348,99.35298890
2818,ÆÃ,§È,10,10,999358,99.35398308
2819,Ø¸, J,10,10,999368,99.35497725
2820,∞p,®∂,10,10,999378,99.35597143
2821,∞˘,§k,11,10,999388,99.35696561
2822,±t,…L,11,10,999398,99.35795979
2823,≤_,§Ù,11,10,999408,99.35895397
2824,≤q,§¸,11,10,999418,99.35994814
2825,≤∑,•ÿ,11,10,999428,99.36094232
2826,≥T,¶Á,11,10,999438,99.36193650
2827,¥A,§k,12,10,999448,99.36293068
2828,¥w,§‚,12,10,999458,99.36392486
2829,µV,§¸,12,10,999468,99.36491903
2830,µ—, J,12,10,999478,99.36591321
2831,µˆ,¶Á,12,10,999488,99.36690739
2832,∑i,§‚,13,10,999498,99.36790157
2833,∑£,§Ï,13,10,999508,99.36889575
2834,∏{,¶◊,13,10,999518,99.36988992
2835,∏ﬁ,®•,13,10,999528,99.37088410
2836,∫´,§Ù,14,10,999538,99.37187828
2837,∫∂,§ı,14,10,999548,99.37287246
2838,ªZ, J,14,10,999558,99.37386664
2839,ªq,¶Á,14,10,999568,99.37486082
2840,æj,≠π,15,10,999578,99.37585499
2841,æ”,§ﬂ,16,10,999588,99.37684917
2842,æÒ,§Ï,16,10,999598,99.37784335
2843,øŒ,®•,16,10,999608,99.37883753
2844,ø„,®¨,16,10,999618,99.37983171
2845,¿Î,§ı,17,10,999628,99.38082588
2846,¿˝,•ÿ,17,10,999638,99.38182006
2847,¡G,•€,17,10,999648,99.38281424
2848,¡¶, J,17,10,999658,99.38380842
2849,¬Y,§‚,18,10,999668,99.38480260
2850,¬f,§Ï,18,10,999678,99.38579677
2851,¬·,®Æ,18,10,999688,99.38679095
2852,¬Á,®Ω,18,10,999698,99.38778513
2853,√w,§Ù,19,10,999708,99.38877931
2854,≈“,¶À,23,10,999718,99.38977349
2855,∆V,§Ï,25,10,999728,99.39076766
2856,À≥,§H,08,10,999738,99.39176184
2857,Õa,§¸,08,10,999748,99.39275602
2858,Õ∫, J,08,10,999758,99.39375020
2859,”V,¶Õ,10,10,999768,99.39474438
2860,ﬁ‰,•€,13,10,999778,99.39573856
2861,•n,§f,05,9,999787,99.39663332
2862,•›,•›,05,9,999796,99.39752808
2863,¶≤,§Í,06,9,999805,99.39842284
2864,¶¥,§Ï,06,9,999814,99.39931760
2865,¶ˆ,§H,07,9,999823,99.40021236
2866,ß≤,§k,07,9,999832,99.40110712
2867,ß»,∆Œ,07,9,999841,99.40200188
2868,®_,§ı,07,9,999850,99.40289664
2869,®ˆ,§R,08,9,999859,99.40379140
2870,©k,§k,08,9,999868,99.40468616
2871,©´,§y,08,9,999877,99.40558092
2872,™P,§Ï,08,9,999886,99.40647568
2873,´\,§H,09,9,999895,99.40737044
2874,´|,§f,09,9,999904,99.40826520
2875,´Ø,§g,09,9,999913,99.40915996
2876,´º,§k,09,9,999922,99.41005472
2877,´˛,§‚,09,9,999931,99.41094948
2878,¨h,§Ï,09,9,999940,99.41184424
2879,¨§,§Ù,09,9,999949,99.41273900
2880,≠A,¶”,09,9,999958,99.41363376
2881,≠°,∆÷,09,9,999967,99.41452852
2882,≠∆,§H,10,9,999976,99.41542328
2883,≠Ô,§f,10,9,999985,99.41631804
2884,±U,§s,11,9,999994,99.41721280
2885,±Ÿ,§Á,11,9,1000003,99.41810756
2886,≥¸,§h,12,9,1000012,99.41900232
2887,¥O,§s,12,9,1000021,99.41989708
2888,¥·,…a,12,9,1000030,99.42079184
2889,µR,§˚,12,9,1000039,99.42168660
2890,µm,∆‘,12,9,1000048,99.42258136
2891,µ‘, J,12,9,1000057,99.42347612
2892,∂F,®•,12,9,1000066,99.42437088
2893,∂Ì,§g,13,9,1000075,99.42526564
2894,∂Û,§f,13,9,1000084,99.42616040
2895,∑\,§ﬂ,13,9,1000093,99.42705516
2896,∏Y,•›,13,9,1000102,99.42794993
2897,∏x,¶◊,13,9,1000111,99.42884469
2898,πK,∆÷,13,9,1000120,99.42973945
2899,πx,≠∂,13,9,1000129,99.43063421
2900,πÏ,∆À,14,9,1000138,99.43152897
2901,∫h,§Ï,14,9,1000147,99.43242373
2902,∫»,∆‘,14,9,1000156,99.43331849
2903,∫Û,¶Õ,14,9,1000165,99.43421325
2904,ªF,¶÷,14,9,1000174,99.43510801
2905,ªd,¶‰,14,9,1000183,99.43600277
2906,ª¸,§H,15,9,1000192,99.43689753
2907,º¶,§ﬂ,15,9,1000201,99.43779229
2908,º‘,§Ï,15,9,1000210,99.43868705
2909,ΩS,•€,15,9,1000219,99.43958181
2910,Ωv,¶Õ,15,9,1000228,99.44047657
2911,Ω°,¶–,15,9,1000237,99.44137133
2912,Ω›,®ß,15,9,1000246,99.44226609
2913,Ω‚,®©,15,9,1000255,99.44316085
2914,æ~,≥æ,15,9,1000264,99.44405561
2915,æŒ,§ﬂ,16,9,1000273,99.44495037
2916,æ˝,§Ù,16,9,1000282,99.44584513
2917,øp,•›,16,9,1000291,99.44673989
2918,øº, J,16,9,1000300,99.44763465
2919,øı,™˜,16,9,1000309,99.44852941
2920,¿j,≥Ω,16,9,1000318,99.44942417
2921,¿ƒ,∆“,17,9,1000327,99.45031893
2922,¡^,¶Õ,17,9,1000336,99.45121369
2923,¡ß, J,17,9,1000345,99.45210845
2924,¡æ,®•,17,9,1000354,99.45300321
2925,¡÷,®Æ,17,9,1000363,99.45389797
2926,¬^,§‚,18,9,1000372,99.45479273
2927,¬r,§Ù,18,9,1000381,99.45568749
2928,¬È,™˜,18,9,1000390,99.45658225
2929,√@,≠≤,18,9,1000399,99.45747701
2930,√Æ,¶À,19,9,1000408,99.45837177
2931,√,™˜,19,9,1000417,99.45926654
2932,ƒ™, J,20,9,1000426,99.46016130
2933,ƒË,§Ô,21,9,1000435,99.46105606
2934,≈B,®©,21,9,1000444,99.46195082
2935,≈b,≥æ,21,9,1000453,99.46284558
2936,≈f,∂¬,21,9,1000462,99.46374034
2937,≈˘, I,24,9,1000471,99.46463510
2938,∆P,≥ø,24,9,1000480,99.46552986
2939,§_,§G,03,8,1000488,99.46632520
2940,§Ã,…D,04,8,1000496,99.46712054
2941,•E,∆¿,05,8,1000504,99.46791588
2942,•a,§Q,05,8,1000512,99.46871123
2943,•∫,§Q,05,8,1000520,99.46950657
2944,¶z,§s,06,8,1000528,99.47030191
2945,¶¢,§},06,8,1000536,99.47109725
2946,¶›,¶›,06,8,1000544,99.47189260
2947,ßX,…C,07,8,1000552,99.47268794
2948,®`,§ı,07,8,1000560,99.47348328
2949,®m,•’,07,8,1000568,99.47427862
2950,®y,¶◊,07,8,1000576,99.47507397
2951,©S,§f,08,8,1000584,99.47586931
2952,©—,§·,08,8,1000592,99.47666465
2953,©‰,§‚,08,8,1000600,99.47745999
2954,©˛,§È,08,8,1000608,99.47825534
2955,™j,§Ù,08,8,1000616,99.47905068
2956,™‹, J,08,8,1000624,99.47984602
2957,™Â, J,08,8,1000632,99.48064136
2958,´F,∆¬,09,8,1000640,99.48143671
2959,´W,§H,09,8,1000648,99.48223205
2960,´v,§f,09,8,1000656,99.48302739
2961,´À,§r,09,8,1000664,99.48382273
2962,´È,§ﬂ,09,8,1000672,99.48461808
2963,´Ó,§ﬂ,09,8,1000680,99.48541342
2964,≠f, J,09,8,1000688,99.48620876
2965,≠≥,≠≥,09,8,1000696,99.48700410
2966,≠Ÿ,§H,10,8,1000704,99.48779945
2967,≠⁄,§H,10,8,1000712,99.48859479
2968,Ø–,¶‘,10,8,1000720,99.48939013
2969,∞¬,§I,11,8,1000728,99.49018547
2970,∞ƒ,§L,11,8,1000736,99.49098082
2971,±F,∆À,11,8,1000744,99.49177616
2972,±«,§‚,11,8,1000752,99.49257150
2973,≤],§Ù,11,8,1000760,99.49336684
2974,≤j,§ı,11,8,1000768,99.49416219
2975,≤ø,•ﬁ,11,8,1000776,99.49495753
2976,≥Ë,§f,12,8,1000784,99.49575287
2977,¥D,§k,12,8,1000792,99.49654821
2978,¥“,§Ï,12,8,1000800,99.49734356
2979,µ@,§Ù,12,8,1000808,99.49813890
2980,µ[,•…,12,8,1000816,99.49893424
2981,µ´,¶À,12,8,1000824,99.49972958
2982,µ±,¶Õ,12,8,1000832,99.50052493
2983,µŸ, J,12,8,1000840,99.50132027
2984,µ˙,®•,12,8,1000848,99.50211561
2985,∂u,™˜,12,8,1000856,99.50291095
2986,∂z,™˜,12,8,1000864,99.50370630
2987,∂Â,§f,13,8,1000872,99.50450164
2988,∂Ô,§g,13,8,1000880,99.50529698
2989,∑J,∆–,13,8,1000888,99.50609232
2990,∑r,§Ê,13,8,1000896,99.50688767
2991,∑v,§È,13,8,1000904,99.50768301
2992,∑∞,§Ï,13,8,1000912,99.50847835
2993,∑ˆ,∆‘,13,8,1000920,99.50927369
2994,∑¸,•ÿ,13,8,1000928,99.51006904
2995,∏K,•€,13,8,1000936,99.51086438
2996,∏^,•ﬁ,13,8,1000944,99.51165972
2997,∏™, J,13,8,1000952,99.51245506
2998,∏«,¶Á,13,8,1000960,99.51325041
2999,∏Î,®©,13,8,1000968,99.51404575
3000,π•,∞®,13,8,1000976,99.51484109
3001,ππ,§L,14,8,1000984,99.51563643
3002,π÷,§g,14,8,1000992,99.51643178
3003,∫≈,∆‘,14,8,1001000,99.51722712
3004,ª|,®•,14,8,1001008,99.51802246
3005,ºH,§f,15,8,1001016,99.51881780
3006,º•,§ﬂ,15,8,1001024,99.51961315
3007,º©,§ﬂ,15,8,1001032,99.52040849
3008,ºº,§‚,15,8,1001040,99.52120383
3009,ºﬁ,…_,15,8,1001048,99.52199917
3010,æd,≠≤,15,8,1001056,99.52279452
3011,æÕ,§ﬂ,16,8,1001064,99.52358986
3012,ø∂, J,16,8,1001072,99.52438520
3013,ø∑, J,16,8,1001080,99.52518054
3014,¿¨,§s,17,8,1001088,99.52597589
3015,¿¸,•ÿ,17,8,1001096,99.52677123
3016,¡\,¶Õ,17,8,1001104,99.52756657
3017,¡ﬂ,®ª,17,8,1001112,99.52836191
3018,¬K,∂¬,17,8,1001120,99.52915726
3019,¬b,§Ï,18,8,1001128,99.52995260
3020,¬e,§Ï,18,8,1001136,99.53074794
3021,¬∏,¶Õ,18,8,1001144,99.53154328
3022,√o,§Ï,19,8,1001152,99.53233863
3023,√{,§ı,19,8,1001160,99.53313397
3024,ƒQ,≥¿,19,8,1001168,99.53392931
3025,ƒp,∆‘,20,8,1001176,99.53472465
3026,≈R,´B,21,8,1001184,99.53551999
3027,≈k,§H,22,8,1001192,99.53631534
3028,≈À,§‚,23,8,1001200,99.53711068
3029,∆E,´B,24,8,1001208,99.53790602
3030,∆r,™˜,27,8,1001216,99.53870136
3031,÷J,§ı,11,8,1001224,99.53949671
3032,Ÿy,§Â,12,8,1001232,99.54029205
3033,„È,¶‰,14,8,1001240,99.54108739
3034,(˘◊),™˜,16,8,1001248,99.54188273
3035,é∏,§¸,13,7,1001255,99.54257866
3036,§N,§M,02,7,1001262,99.54327458
3037,§™,§G,04,7,1001269,99.54397051
3038,§ˆ,§ˆ,04,7,1001276,99.54466643
3039,•A,§@,05,7,1001283,99.54536236
3040,•K,§H,05,7,1001290,99.54605828
3041,•≈,§Ù,05,7,1001297,99.54675421
3042,•∆,§Ù,05,7,1001304,99.54745013
3043,•œ,•Œ,05,7,1001311,99.54814606
3044,¶K,…C,06,7,1001318,99.54884198
3045,¶™,§‚,06,7,1001325,99.54953791
3046,¶Ó,§H,07,7,1001332,99.55023383
3047,ßØ,§k,07,7,1001339,99.55092976
3048,ß’,§ﬂ,07,7,1001346,99.55162568
3049,ß‡,§‚,07,7,1001353,99.55232160
3050,®U,§Ù,07,7,1001360,99.55301753
3051,®‹,§H,08,7,1001367,99.55371345
3052,©∞,∆Œ,08,7,1001374,99.55440938
3053,™_,§Ù,08,7,1001381,99.55510530
3054,™h,§Ù,08,7,1001388,99.55580123
3055,´z,§f,09,7,1001395,99.55649715
3056,´°,§f,09,7,1001402,99.55719308
3057,´Æ,§g,09,7,1001409,99.55788900
3058,´∂,§j,09,7,1001416,99.55858493
3059,¨`,§Ï,09,7,1001423,99.55928085
3060,¨≤,§ı,09,7,1001430,99.55997678
3061,¨º,§¸,09,7,1001437,99.56067270
3062,≠~,∆÷,09,7,1001444,99.56136863
3063,≠ﬂ,∆ƒ,10,7,1001451,99.56206455
3064,≠¸,§f,10,7,1001458,99.56276047
3065,ÆE,…I,10,7,1001465,99.56345640
3066,Æk,§s,10,7,1001472,99.56415232
3067,Æπ,§‚,10,7,1001479,99.56484825
3068,ØM,§ı,10,7,1001486,99.56554417
3069,Ø\,•…,10,7,1001493,99.56624010
3070,Ø{,•€,10,7,1001500,99.56693602
3071,Ø’,¶’,10,7,1001507,99.56763195
3072,ØÌ, J,10,7,1001514,99.56832787
3073,∞a,®Æ,10,7,1001521,99.56902380
3074,±E,§l,11,7,1001528,99.56971972
3075,±V,§s,11,7,1001535,99.57041565
3076,±Z,§s,11,7,1001542,99.57111157
3077,±[,§s,11,7,1001549,99.57180750
3078,≤∏,•€,11,7,1001556,99.57250342
3079,≤‹,¶œ,11,7,1001563,99.57319934
3080,≥x,∆÷,11,7,1001570,99.57389527
3081,≥√,§H,12,7,1001577,99.57459119
3082,≥ÿ,§f,12,7,1001584,99.57528712
3083,≥Ÿ,§f,12,7,1001591,99.57598304
3084,≥È,§f,12,7,1001598,99.57667897
3085,¥¥,§Â,12,7,1001605,99.57737489
3086,¥Ã,§Ï,12,7,1001612,99.57807082
3087,¥Ÿ,§Ï,12,7,1001619,99.57876674
3088,¥Î,§Ù,12,7,1001626,99.57946267
3089,µa,•…,12,7,1001633,99.58015859
3090,µj,∆‘,12,7,1001640,99.58085452
3091,µ∞,¶Ã,12,7,1001647,99.58155044
3092,µ∂,¶Õ,12,7,1001654,99.58224637
3093,µ‚, J,12,7,1001661,99.58294229
3094,µ,¶‰,12,7,1001668,99.58363821
3095,∂π,≠π,12,7,1001675,99.58433414
3096,∂ø,∞®,12,7,1001682,99.58503006
3097,∂‚,§f,13,7,1001689,99.58572599
3098,∑ ,§Ù,13,7,1001696,99.58642191
3099,∑÷,§ı,13,7,1001703,99.58711784
3100,∑„,•…,13,7,1001710,99.58781376
3101,∑Î,•…,13,7,1001717,99.58850969
3102,∑¯,•◊,13,7,1001724,99.58920561
3103,∏A,•ÿ,13,7,1001731,99.58990154
3104,∏ø,¶‰,13,7,1001738,99.59059746
3105,∏·,®•,13,7,1001745,99.59129339
3106,∏È,®©,13,7,1001752,99.59198931
3107,πN,∆÷,13,7,1001759,99.59268524
3108,πk,™˙,13,7,1001766,99.59338116
3109,πÂ,§l,13,7,1001773,99.00000000
3110,π,§r,14,7,1001780,99.59477301
3111,∫{,§Ù,14,7,1001787,99.59546893
3112,∫Ï,¶Õ,14,7,1001794,99.59616486
3113,ª¿,®∂,14,7,1001801,99.59686078
3114,ºZ,§g,15,7,1001808,99.59755671
3115,ºr,∆Œ,15,7,1001815,99.59825263
3116,Ω™, J,15,7,1001822,99.59894856
3117,Ω´, J,15,7,1001829,99.59964448
3118,Ω∫,¶‰,15,7,1001836,99.60034041
3119,æ`,´B,15,7,1001843,99.60103633
3120,æß,§H,16,7,1001850,99.60173226
3121,æ¥,§f,16,7,1001857,99.60242818
3122,ø≤,¶‹,16,7,1001864,99.60312411
3123,¿T,≠≤,16,7,1001871,99.60382003
3124,¿Z,≠∂,16,7,1001878,99.60451595
3125,¿≈,∆“,17,7,1001885,99.60521188
3126,√m,§È,19,7,1001892,99.60590780
3127,√t,§Ù,19,7,1001899,99.60660373
3128,√Ã,¶Á,19,7,1001906,99.60729965
3129,ƒV,§f,19,7,1001913,99.60799558
3130,ƒZ,§f,20,7,1001920,99.60869150
3131,ƒo,∆‘,20,7,1001927,99.60938743
3132,ƒ|,¶Õ,20,7,1001934,99.61008335
3133,≈a,≥æ,21,7,1001941,99.61077928
3134,≈π,≠π,22,7,1001948,99.61147520
3135,≈Ï,≥Ω,23,7,1001955,99.61217113
3136,≈,∂¬,23,7,1001962,99.61286705
3137,≈Ò,§f,24,7,1001969,99.61356298
3138,∆j,∞®,26,7,1001976,99.61425890
3139,∆w,™˜,28,7,1001983,99.61495482
3140,÷ﬂ,¶Ã,11,7,1001990,99.61565075
3141,ﬂN,¶À,13,7,1001997,99.61634667
3142,ÍM,§ı,16,7,1002004,99.61704260
3143,§•,°U,04,6,1002010,99.61763911
3144,§‘,§j,04,6,1002016,99.61823561
3145,•Ë,∆¬,06,6,1002022,99.61883212
3146,¶`,§g,06,6,1002028,99.61942863
3147,¶∆,§Ù,06,6,1002034,99.62002513
3148,®n,•ÿ,07,6,1002040,99.62062164
3149,®∂,®∂,07,6,1002046,99.62121815
3150,®Õ,§H,08,6,1002052,99.62181465
3151,®‘,§H,08,6,1002058,99.62241116
3152,©ß,§s,08,6,1002064,99.62300767
3153,™D,§Ï,08,6,1002070,99.62360417
3154,™Û,®∂,08,6,1002076,99.62420068
3155,™˙,™˙,08,6,1002082,99.62479719
3156,´V,§H,09,6,1002088,99.62539369
3157,´¡,§k,09,6,1002094,99.62599020
3158,¨n,§Ó,09,6,1002100,99.62658671
3159,≠b, J,09,6,1002106,99.62718322
3160,≠≈,§H,10,6,1002112,99.62777972
3161,≠Ì,…D,10,6,1002118,99.62837623
3162,≠˜,§f,10,6,1002124,99.62897274
3163,Æd,∆À,10,6,1002130,99.62956924
3164,Æ§,§ﬂ,10,6,1002136,99.63016575
3165,ÆØ,§ﬂ,10,6,1002142,99.63076226
3166,Æ›,§Ï,10,6,1002148,99.63135876
3167,ÆË,§Ï,10,6,1002154,99.63195527
3168,ØÔ, J,10,6,1002160,99.63255178
3169,∞ß,≠π,10,6,1002166,99.63314828
3170,∞¯,§j,11,6,1002172,99.63374479
3171,±‡,§È,11,6,1002178,99.63434130
3172,≤B,…a,11,6,1002184,99.63493780
3173,≤µ,•ÿ,11,6,1002190,99.63553431
3174,≤, J,11,6,1002196,99.63613082
3175,≥^,®•,11,6,1002202,99.63672732
3176,≥÷,…D,12,6,1002208,99.63732383
3177,≥„,§f,12,6,1002214,99.63792034
3178,¥F,§l,12,6,1002220,99.63851685
3179,¥|,§‚,12,6,1002226,99.63911335
3180,¥‚,…a,12,6,1002232,99.63970986
3181,µK,§ı,12,6,1002238,99.64030637
3182,µ`,•…,12,6,1002244,99.64090287
3183,∂„,§f,13,6,1002250,99.64149938
3184,∑B,§k,13,6,1002256,99.64209589
3185,∑o,§‚,13,6,1002262,99.64269239
3186,∑},§Ï,13,6,1002268,99.64328890
3187,∑…,§Ù,13,6,1002274,99.64388541
3188,∑,∆‘,13,6,1002280,99.64448191
3189,∏M,•€,13,6,1002286,99.64507842
3190,∏»,¶Á,13,6,1002292,99.64567493
3191,∏Ÿ,®•,13,6,1002298,99.64627143
3192,πv,≠≤,13,6,1002304,99.64686794
3193,π¨,§H,14,6,1002310,99.64746445
3194,π≤,§H,14,6,1002316,99.64806096
3195,∫J,§‚,14,6,1002322,99.64865746
3196,∫P,§‚,14,6,1002328,99.64925397
3197,∫¬,•À,14,6,1002334,99.64985048
3198,∫„,¶À,14,6,1002340,99.65044698
3199,ª‘,™˘,14,6,1002346,99.65104349
3200,º^,§k,15,6,1002352,99.65164000
3201,º™,§ﬂ,15,6,1002358,99.65223650
3202,º∞,§‚,15,6,1002364,99.65283301
3203,º±,§‚,15,6,1002370,99.65342952
3204,ºÃ,§Ï,15,6,1002376,99.65402602
3205,ºﬂ,§Ù,15,6,1002382,99.65462253
3206,Ωn,¶Õ,15,6,1002388,99.65521904
3207,Ω˘,®Æ,15,6,1002394,99.65581554
3208,øq,•›,16,6,1002400,99.65641205
3209,ø®,¶Õ,16,6,1002406,99.65700856
3210,øª, J,16,6,1002412,99.65760506
3211,ø‰,®¨,16,6,1002418,99.65820157
3212,øÒ,∆÷,16,6,1002424,99.65879808
3213,¿≠,§s,17,6,1002430,99.65939459
3214,¿¡,§‚,17,6,1002436,99.65999109
3215,¿∆,§È,17,6,1002442,99.66058760
3216,¡L,¶À,17,6,1002448,99.66118411
3217,¬T,§k,18,6,1002454,99.66178061
3218,¬`,§È,18,6,1002460,99.66237712
3219,¬l,§Ô,18,6,1002466,99.66297363
3220,¬’,®•,18,6,1002472,99.66357013
3221,¬Û,™˘,18,6,1002478,99.66416664
3222,√`,§f,19,6,1002484,99.66476315
3223,√≤,¶À,19,6,1002490,99.66535965
3224,√∂,¶Õ,19,6,1002496,99.66595616
3225,ƒb,§ﬂ,20,6,1002502,99.66655267
3226,ƒj,§Ù,20,6,1002508,99.66714917
3227,ƒ€,§f,21,6,1002514,99.66774568
3228,ƒ,¶À,21,6,1002520,99.66834219
3229,≈E,®¨,21,6,1002526,99.66893870
3230,≈_,≥Ω,21,6,1002532,99.66953520
3231,≈r,§s,22,6,1002538,99.67013171
3232,∆n,®¨,27,6,1002544,99.67072822
3233,‘£,§f,11,6,1002550,99.67132472
3234,ﬂÔ,¶‰,13,6,1002556,99.67192123
3235,Â_,§k,15,6,1002562,99.67251774
3236,Ó≈,®ª,17,6,1002568,99.67311424
3237,(˘⁄),§ﬂ,09,6,1002574,99.67371075
3238,§b,§M,03,5,1002579,99.67420784
3239,¶µ,§Ï,06,5,1002584,99.67470493
3240,¶˛,§H,07,5,1002589,99.67520202
3241,ß√,§s,07,5,1002594,99.67569911
3242,®P,§Ù,07,5,1002599,99.67619620
3243,®r,•›,07,5,1002604,99.67669328
3244,®°, J,07,5,1002609,99.67719037
3245,®’,§H,08,5,1002614,99.67768746
3246,©Q,§f,08,5,1002619,99.67818455
3247,©∑,§},08,5,1002624,99.67868164
3248,©ƒ,§ﬂ,08,5,1002629,99.67917873
3249,©ÿ,§‚,08,5,1002634,99.67967582
3250,™C,§Ï,08,5,1002639,99.68017291
3251,™∞,§¸,08,5,1002644,99.68067000
3252,™Ó,®Æ,08,5,1002649,99.68116709
3253,´f,§M,09,5,1002654,99.68166417
3254,´w,§f,09,5,1002659,99.68216126
3255,´™,…I,09,5,1002664,99.68265835
3256,¨ÿ,•◊,09,5,1002669,99.68315544
3257,≠_, J,09,5,1002674,99.68365253
3258,ÆK,§g,10,5,1002679,99.68414962
3259,Æh,§r,10,5,1002684,99.68464671
3260,Æ°,§ﬂ,10,5,1002689,99.68514380
3261,ØY,•»,10,5,1002694,99.68564089
3262,Ø[,•…,10,5,1002699,99.68613798
3263,Øt,•ÿ,10,5,1002704,99.68663507
3264,Øø,¶Õ,10,5,1002709,99.68713215
3265,Ø, J,10,5,1002714,99.68762924
3266,∞W,®•,10,5,1002719,99.68812633
3267,∞◊,§f,11,5,1002724,99.68862342
3268,∞,§g,11,5,1002729,99.68912051
3269,±P,§r,11,5,1002734,99.68961760
3270,±c,§y,11,5,1002739,99.69011469
3271,±p,…L,11,5,1002744,99.69061178
3272,±v,§ﬂ,11,5,1002749,99.69110887
3273,±Õ,∆“,11,5,1002754,99.69160596
3274,±ﬁ,§È,11,5,1002759,99.69210304
3275,≤C,§Ù,11,5,1002764,99.69260013
3276,≤Y,§Ù,11,5,1002769,99.69309722
3277,≤c,§Ù,11,5,1002774,99.69359431
3278,≤Ã,¶Õ,11,5,1002779,99.69409140
3279,≤Â,¶◊,11,5,1002784,99.69458849
3280,≤Î,¶‡,11,5,1002789,99.69508558
3281,≤˘, J,11,5,1002794,99.69558267
3282,≥p,∆÷,11,5,1002799,99.69607976
3283,≥◊,§f,12,5,1002804,99.69657685
3284,¥j,§ﬂ,12,5,1002809,99.69707394
3285,¥z,§‚,12,5,1002814,99.69757102
3286,¥~,§‚,12,5,1002819,99.69806811
3287,¥¢,§‚,12,5,1002824,99.69856520
3288,¥¨,§‚,12,5,1002829,99.69906229
3289,¥¯,§Ù,12,5,1002834,99.69955938
3290,¥˘,§Ù,12,5,1002839,99.70005647
3291,µZ,•…,12,5,1002844,99.70055356
3292,µ≠,¶À,12,5,1002849,99.70105065
3293,µﬁ, J,12,5,1002854,99.70154774
3294,∂w,™˜,12,5,1002859,99.70204483
3295,∂æ,∞®,12,5,1002864,99.70254191
3296,∂·,§f,13,5,1002869,99.70303900
3297,∂Ê,§f,13,5,1002874,99.70353609
3298,∂Ú,§g,13,5,1002879,99.70403318
3299,∏B,•ÿ,13,5,1002884,99.70453027
3300,∏R,•‹,13,5,1002889,99.70502736
3301,∏¿,¶‰,13,5,1002894,99.70552445
3302,∏¯,®¨,13,5,1002899,99.70602154
3303,πI,∆÷,13,5,1002904,99.70651863
3304,πi,™˙,13,5,1002909,99.70701572
3305,πl,´A,13,5,1002914,99.70751281
3306,πu,≠≤,13,5,1002919,99.70800989
3307,πº,…C,14,5,1002924,99.70850698
3308,π‚,§k,14,5,1002929,99.70900407
3309,πÚ,§s,14,5,1002934,99.70950116
3310,∫¨,§Ù,14,5,1002939,99.70999825
3311,∫∞,§Ù,14,5,1002944,99.71049534
3312,∫≥,§ı,14,5,1002949,99.71099243
3313,∫Õ,•ÿ,14,5,1002954,99.71148952
3314,∫Ô,¶Õ,14,5,1002959,99.71198661
3315,ªQ,¶ﬁ,14,5,1002964,99.71248370
3316,ªh,¶‰,14,5,1002969,99.71298078
3317,ªÃ,™˜,14,5,1002974,99.71347787
3318,ªÂ,≠π,14,5,1002979,99.71397496
3319,ª˜,§H,15,5,1002984,99.71447205
3320,ºA,§M,15,5,1002989,99.71496914
3321,ºR,§f,15,5,1002994,99.71546623
3322,ºm,§y,15,5,1002999,99.71596332
3323,º£,§ﬂ,15,5,1003004,99.71646041
3324,ºß,§ﬂ,15,5,1003009,99.71695750
3325,º∫,§‚,15,5,1003014,99.71745459
3326,ΩM,•ÿ,15,5,1003019,99.71795167
3327,Ωq,¶Õ,15,5,1003024,99.71844876
3328,Ω£,¶◊,15,5,1003029,99.71894585
3329,Ωª,¶‰,15,5,1003034,99.71944294
3330,Ωø,¶‰,15,5,1003039,99.71994003
3331,æk,≠π,15,5,1003044,99.72043712
3332,æ¨,§K,16,5,1003049,99.72093421
3333,æµ,§f,16,5,1003054,99.72143130
3334,æª,§f,16,5,1003059,99.72192839
3335,æÏ,§Ï,16,5,1003064,99.72242548
3336,øw,¶À,16,5,1003069,99.72292257
3337,ø…,¶Á,16,5,1003074,99.72341965
3338,ø⁄,®•,16,5,1003079,99.72391674
3339,ø·,®¨,16,5,1003084,99.72441383
3340,øÁ,®Æ,16,5,1003089,99.72491092
3341,¿G,™˙,16,5,1003094,99.72540801
3342,¿≤,…L,17,5,1003099,99.72590510
3343,¿Ã,§Ï,17,5,1003104,99.72640219
3344,¿ˆ,•…,17,5,1003109,99.72689928
3345,¡≈,®¶,17,5,1003114,99.72739637
3346,¡”,®Æ,17,5,1003119,99.72789346
3347,¡ﬁ,®ª,17,5,1003124,99.72839054
3348,¡Î,™˜,17,5,1003129,99.72888763
3349,¡˛,∞®,17,5,1003134,99.72938472
3350,¬W,§‡,18,5,1003139,99.72988181
3351,¬u,§ı,18,5,1003144,99.73037890
3352,¬x,§¸,18,5,1003149,99.73087599
3353,¬z,•…,18,5,1003154,99.73137308
3354,¬},∆‘,18,5,1003159,99.73187017
3355,¬Æ,¶À,18,5,1003164,99.73236726
3356,¬Î,™˜,18,5,1003169,99.73286435
3357,¬ˆ,™˘,18,5,1003174,99.73336144
3358,¬˙,´A,18,5,1003179,99.73385852
3359,√s,§Ù,19,5,1003184,99.73435561
3360,√©,•ÿ,19,5,1003189,99.73485270
3361,√»,¶‰,19,5,1003194,99.73534979
3362,√…,¶‰,19,5,1003199,99.73584688
3363,√œ,®•,19,5,1003204,99.73634397
3364,√Ù,™˜,19,5,1003209,99.73684106
3365,ƒ[,§g,20,5,1003214,99.73733815
3366,ƒg,§Î,20,5,1003219,99.73783524
3367,ƒß, J,20,5,1003224,99.73833233
3368,ƒ¯,¶‰,21,5,1003229,99.73882941
3369,ƒ˛,®•,21,5,1003234,99.73932650
3370,≈W,≠π,21,5,1003239,99.73982359
3371,≈µ,´B,22,5,1003244,99.74032068
3372,≈Ú,§g,24,5,1003249,99.74081777
3373,∆],®ª,25,5,1003254,99.74131486
3374,∆`,≠∂,25,5,1003259,99.74181195
3375,—∫,§‚,10,5,1003264,99.74230904
3376,‹j,™˜,12,5,1003269,99.74280613
3377,Î¶,®•,16,5,1003274,99.74330322
3378,Î–,∆÷,17,5,1003279,99.74380031
3379,(¸¸),§Ï,10,5,1003284,99.74429739
3380,§^,§A,03,4,1003288,99.74469507
3381,§›,§},04,4,1003292,99.74509274
3382,•◊,•◊,05,4,1003296,99.74549041
3383,•⁄,•⁄,05,4,1003300,99.74588808
3384,¶I,∆∆,06,4,1003304,99.74628575
3385,¶j,§j,06,4,1003308,99.74668342
3386,¶l,§k,06,4,1003312,99.74708109
3387,ßD,§H,07,4,1003316,99.74747876
3388,ß[,§f,07,4,1003320,99.74787644
3389,ßo,§f,07,4,1003324,99.74827411
3390,ß™,§k,07,4,1003328,99.74867178
3391,ß¨,§k,07,4,1003332,99.74906945
3392,ß∞,§k,07,4,1003336,99.74946712
3393,ß„,§‚,07,4,1003340,99.74986479
3394,ß˙,§Ï,07,4,1003344,99.75026246
3395,®Z,§Ù,07,4,1003348,99.75066013
3396,®Ú,§Q,08,4,1003352,99.75105781
3397,©C,§f,08,4,1003356,99.75145548
3398,©J,§f,08,4,1003360,99.75185315
3399,©Ú,§Á,08,4,1003364,99.75225082
3400,™l,§Ù,08,4,1003368,99.75264849
3401,™t,§Ù,08,4,1003372,99.75304616
3402,™{,§Ù,08,4,1003376,99.75344383
3403,™¡,•‹,08,4,1003380,99.75384150
3404,™‡, J,08,4,1003384,99.75423918
3405,´M,§H,09,4,1003388,99.75463685
3406,´S,§H,09,4,1003392,99.75503452
3407,´g,§M,09,4,1003396,99.75543219
3408,´œ,§s,09,4,1003400,99.75582986
3409,´⁄,§},09,4,1003404,99.75622753
3410,´,§ﬂ,09,4,1003408,99.75662520
3411,¨@,§‚,09,4,1003412,99.75702287
3412,¨N,§È,09,4,1003416,99.75742055
3413,¨U,§Ï,09,4,1003420,99.75781822
3414,¨t,…a,09,4,1003424,99.75821589
3415,¨≥,§ı,09,4,1003428,99.75861356
3416,¨Õ,∆‘,09,4,1003432,99.75901123
3417,¨Á,•‹,09,4,1003436,99.75940890
3418,¨Û,¶Ã,09,4,1003440,99.75980657
3419,≠a, J,09,4,1003444,99.76020424
3420,≠d, J,09,4,1003448,99.76060192
3421,≠|,∆÷,09,4,1003452,99.76099959
3422,ÆC,§f,10,4,1003456,99.76139726
3423,ÆU,§k,10,4,1003460,99.76179493
3424,Æf,∆À,10,4,1003464,99.76219260
3425,Æ¬,§‚,10,4,1003468,99.76259027
3426,Øs,•◊,10,4,1003472,99.76298794
3427,Øw,•ÿ,10,4,1003476,99.76338561
3428,Ø€,¶◊,10,4,1003480,99.76378329
3429,ØÚ, J,10,4,1003484,99.76418096
3430,Ø¯, J,10,4,1003488,99.76457863
3431,Ø˚, J,10,4,1003492,99.76497630
3432,∞`,®≠,10,4,1003496,99.76537397
3433,∞Œ,∆«,11,4,1003500,99.76577164
3434,∞–,∆«,11,4,1003504,99.76616931
3435,∞‘,§f,11,4,1003508,99.76656698
3436,∞˝,§k,11,4,1003512,99.76696465
3437,±´,§ﬂ,11,4,1003516,99.76736233
3438,±∞,§‚,11,4,1003520,99.76776000
3439,±È,§Ï,11,4,1003524,99.76815767
3440,±Í,§Ï,11,4,1003528,99.76855534
3441,±Î,§Ï,11,4,1003532,99.76895301
3442,≤k,§ı,11,4,1003536,99.76935068
3443,≤l,§ı,11,4,1003540,99.76974835
3444,≤w,•…,11,4,1003544,99.77014602
3445,≤¨,∆‘,11,4,1003548,99.77054370
3446,≤Á,¶◊,10,4,1003552,99.77094137
3447,≤Ì,¶‡,11,4,1003556,99.77133904
3448,≤ı, J,11,4,1003560,99.77173671
3449,≤˜, J,11,4,1003564,99.77213438
3450,≥k,®¨,11,4,1003568,99.77253205
3451,≥Á,§f,12,4,1003572,99.77292972
3452,¥P,§s,12,4,1003576,99.77332739
3453,¥∆,§Ï,12,4,1003580,99.77372507
3454,¥Ë,§Ù,12,4,1003584,99.77412274
3455,¥Ô,§Ù,12,4,1003588,99.77452041
3456,¥¸,§Ù,12,4,1003592,99.77491808
3457,µT,§¸,12,4,1003596,99.77531575
3458,µ\,•…,12,4,1003600,99.77571342
3459,µÔ,¶‰,12,4,1003604,99.77611109
3460,∂J,®©,12,4,1003608,99.77650876
3461,∂_,®¨,12,4,1003612,99.77690644
3462,∂v,™˜,12,4,1003616,99.77730411
3463,∂≤,´B,12,4,1003620,99.77770178
3464,∂⁄,§f,13,4,1003624,99.77809945
3465,∂˙,§k,13,4,1003628,99.77849712
3466,∑A,§k,13,4,1003632,99.77889479
3467,∑y,§È,13,4,1003636,99.77929246
3468,∑√,§Ù,13,4,1003640,99.77969013
3469,∑Ô,∆‘,13,4,1003644,99.78008781
3470,∏C,•ÿ,13,4,1003648,99.78048548
3471,∏W,•›,13,4,1003652,99.78088315
3472,∏˜,®¨,13,4,1003656,99.78128082
3473,π[,™˜,13,4,1003660,99.78167849
3474,πµ,§H,14,4,1003664,99.78207616
3475,π∆,§f,14,4,1003668,99.78247383
3476,π…,§f,14,4,1003672,99.78287150
3477,∫B,§ﬂ,14,4,1003676,99.78326918
3478,∫U,§‚,14,4,1003680,99.78366685
3479,∫W,§Ê,14,4,1003684,99.78406452
3480,∫f,§Ï,14,4,1003688,99.78446219
3481,∫v,§Ù,14,4,1003692,99.78485986
3482,∫x,§Ù,14,4,1003696,99.78525753
3483,∫ß,§Ù,14,4,1003700,99.78565520
3484,∫±,§Ù,14,4,1003704,99.78605287
3485,∫Â,¶À,14,4,1003708,99.78645055
3486,∫Á,¶À,14,4,1003712,99.78684822
3487,∫˜,¶Õ,14,4,1003716,99.78724589
3488,∫˘,¶Õ,14,4,1003720,99.78764356
3489,ªB,¶–,14,4,1003724,99.78804123
3490,ªl,¶‰,14,4,1003728,99.78843890
3491,ªÍ,∞©,14,4,1003732,99.78883657
3492,ªÎ,∞©,14,4,1003736,99.78923424
3493,ª˛,∆≈,15,4,1003740,99.78963192
3494,ºN,§f,15,4,1003744,99.79002959
3495,ºS,§f,15,4,1003748,99.79042726
3496,ºV,§g,15,4,1003752,99.79082493
3497,ΩC,∆‘,15,4,1003756,99.79122260
3498,ΩH,∆‘,15,4,1003760,99.79162027
3499,ΩR,•€,15,4,1003764,99.79201794
3500,Ω`,•ﬁ,15,4,1003768,99.79241561
3501,ΩŒ,®•,15,4,1003772,99.79281329
3502,æM,®ª,15,4,1003776,99.79321096
3503,æR,™˜,14,4,1003780,99.79360863
3504,æ^,´B,15,4,1003784,99.79400630
3505,æg,≠∂,15,4,1003788,99.79440397
3506,æ¢,≥¡,15,4,1003792,99.79480164
3507,æ“,§ﬂ,16,4,1003796,99.79519931
3508,æ€,§‚,16,4,1003800,99.79559698
3509,æ‡,§‚,16,4,1003804,99.79599466
3510,øB,§Ù,16,4,1003808,99.79639233
3511,øK,§ı,16,4,1003812,99.79679000
3512,øe,•ÿ,16,4,1003816,99.79718767
3513,øf,•ÿ,16,4,1003820,99.79758534
3514,øØ,¶◊,16,4,1003824,99.79798301
3515,¿O,´B,16,4,1003828,99.79838068
3516,¿[,≠∂,16,4,1003832,99.79877835
3517,¿ß,§k,17,4,1003836,99.79917603
3518,¿©,§l,17,4,1003840,99.79957370
3519,¿◊,§Ù,17,4,1003844,99.79997137
3520,¿˚,•ÿ,17,4,1003848,99.80036904
3521,¡H,•‹,17,4,1003852,99.80076671
3522,¡r,¶◊,17,4,1003856,99.80116438
3523,¡w,¶◊,17,4,1003860,99.80156205
3524,¡z,¶◊,17,4,1003864,99.80195972
3525,¡Ø,¶‰,17,4,1003868,99.80235740
3526,¡Ω,®•,17,4,1003872,99.80275507
3527,¡Ê,™˜,17,4,1003876,99.80315274
3528,¬a,§Î,18,4,1003880,99.80355041
3529,¬¨,•ﬁ,18,4,1003884,99.80394808
3530,¬Õ,¶‰,18,4,1003888,99.80434575
3531,¬€,®¨,18,4,1003892,99.80474342
3532,¬‚,∆÷,18,4,1003896,99.80514109
3533,√E,≠∂,18,4,1003900,99.80553876
3534,√T,≥Ω,18,4,1003904,99.80593644
3535,√b,§g,19,4,1003908,99.80633411
3536,√l,§‚,19,4,1003912,99.80673178
3537,√p,§Ï,19,4,1003916,99.80712945
3538,√‘,®•,19,4,1003920,99.80752712
3539,√¸,≠≥,19,4,1003924,99.80792479
3540,ƒ{,¶Ã,20,4,1003928,99.80832246
3541,ƒ®, J,20,4,1003932,99.80872013
3542,ƒ◊,§H,21,4,1003936,99.80911781
3543,ƒÿ,§H,21,4,1003940,99.80951548
3544,≈…,§s,23,4,1003944,99.80991315
3545,≈Ÿ, J,23,4,1003948,99.81031082
3546,≈˜,•ÿ,24,4,1003952,99.81070849
3547,∆G,´B,24,4,1003956,99.81110616
3548,À|, J,07,4,1003960,99.81150383
3549,Õ¿, J,08,4,1003964,99.81190150
3550,œ‡,•ÿ,09,4,1003968,99.81229918
3551,ŸÁ,§Ù,12,4,1003972,99.81269685
3552,ﬁ≥,•…,13,4,1003976,99.81309452
3553,„T,¶À,14,4,1003980,99.81349219
3554,Ë∞,´C,15,4,1003984,99.81388986
3555,ÒØ,∞®,18,4,1003988,99.81428753
3556,ÚÛ,®£,19,4,1003992,99.81468520
3557,˜Í,∆‘,23,4,1003996,99.81508287
3558,¯ ,™˜,24,4,1004000,99.81548055
3559,§R,§R,02,3,1004003,99.81577880
3560,§\,∆¿,03,3,1004006,99.81607705
3561,§°,§@,04,3,1004009,99.81637531
3562,§æ,∆ƒ,04,3,1004012,99.81667356
3563,§Í,§Í,04,3,1004015,99.81697181
3564,•o,§f,05,3,1004018,99.81727007
3565,•Â,§G,06,3,1004021,99.81756832
3566,•Í,§H,06,3,1004024,99.81786657
3567,¶e,§g,06,3,1004027,99.81816483
3568,¶ÿ,¶◊,06,3,1004030,99.81846308
3569,¶Ô,§H,07,3,1004033,99.81876133
3570,ß¶,§g,07,3,1004036,99.81905959
3571,ß∂,§l,07,3,1004039,99.81935784
3572,ß∑,§l,07,3,1004042,99.81965609
3573,ß˝,§Ï,07,3,1004045,99.81995435
3574,®E,§Ù,07,3,1004048,99.82025260
3575,®G,§Ù,07,3,1004051,99.82055085
3576,®z,¶◊,07,3,1004054,99.82084911
3577,®◊,§H,08,3,1004057,99.82114736
3578,®Ê,∆≈,08,3,1004060,99.82144561
3579,©D,§f,08,3,1004063,99.82174387
3580,©™,§y,08,3,1004066,99.82204212
3581,©Æ,§y,08,3,1004069,99.82234037
3582,™b,§Ù,08,3,1004072,99.82263863
3583,™m,§Ù,08,3,1004075,99.82293688
3584,™n,§Ù,08,3,1004078,99.82323514
3585,™r,§Ù,08,3,1004081,99.82353339
3586,™‘,¶◊,08,3,1004084,99.82383164
3587,™Ú,®∂,08,3,1004087,99.82412990
3588,´§,§f,09,3,1004090,99.82442815
3589,´ø,§k,09,3,1004093,99.82472640
3590,´ﬁ,…L,09,3,1004096,99.82502466
3591,´Â,§ﬂ,09,3,1004099,99.82532291
3592,´˝,§‚,09,3,1004102,99.82562116
3593,¨k,§Ï,09,3,1004105,99.82591942
3594,¨o,§Ô,09,3,1004108,99.82621767
3595,¨æ,§¸,09,3,1004111,99.82651592
3596,¨⁄,•ÿ,09,3,1004114,99.82681418
3597,≠[, J,09,3,1004117,99.82711243
3598,≠Ω,∆¬,10,3,1004120,99.82741068
3599,≠‰,∆≈,10,3,1004123,99.82770894
3600,≠Û,§f,10,3,1004126,99.82800719
3601,Æ~,§ﬂ,10,3,1004129,99.82830544
3602,Æ™,§ﬂ,10,3,1004132,99.82860370
3603,Æ¡,§‚,10,3,1004135,99.82890195
3604,ÆŒ,§È,10,3,1004138,99.82920020
3605,ÆÍ,§Ï,10,3,1004141,99.82949846
3606,Æ˝,§Ù,10,3,1004144,99.82979671
3607,ØV,§¸,10,3,1004147,99.83009496
3608,Øa,•–,10,3,1004150,99.83039322
3609,Ø©,•‹,10,3,1004153,99.83069147
3610,Øœ,¶—,10,3,1004156,99.83098972
3611,Ø⁄,¶◊,10,3,1004159,99.83128798
3612,∞B,¶‰,10,3,1004162,99.83158623
3613,∞K,¶Á,10,3,1004165,99.83188448
3614,∞P,®•,10,3,1004168,99.83218274
3615,∞S,®•,10,3,1004171,99.83248099
3616,∞~,™˙,10,3,1004174,99.83277924
3617,∞¥,§H,11,3,1004177,99.83307750
3618,∞Ÿ,§f,11,3,1004180,99.83337575
3619,∞˙,§k,11,3,1004183,99.83367401
3620,±r,…L,11,3,1004186,99.83397226
3621,±{,§ﬂ,11,3,1004189,99.83427051
3622,± ,§‚,11,3,1004192,99.83456877
3623,±Ã,§‚,11,3,1004195,99.83486702
3624,±‚,§È,11,3,1004198,99.83516527
3625,±Ô,§Ï,11,3,1004201,99.83546353
3626,±˜,§Ï,11,3,1004204,99.83576178
3627,≤E,§Ù,11,3,1004207,99.83606003
3628,≤m,§ı,11,3,1004210,99.83635829
3629,≤p,§˚,11,3,1004213,99.83665654
3630,≤s,§¸,11,3,1004216,99.83695479
3631,≤∂,•ÿ,11,3,1004219,99.83725305
3632,≤Û, J,11,3,1004222,99.83755130
3633,≤˛, J,11,3,1004225,99.83784955
3634,≥R,¶Á,11,3,1004228,99.83814781
3635,≥j,®™,11,3,1004231,99.83844606
3636,≥§,®ª,11,3,1004234,99.83874431
3637,≥‘,§O,12,3,1004237,99.83904257
3638,≥Û,§g,12,3,1004240,99.83934082
3639,¥S,§v,12,3,1004243,99.83963907
3640,¥Æ,§‚,12,3,1004246,99.83993733
3641,¥Ω,§È,12,3,1004249,99.84023558
3642,¥Ì,§Ù,12,3,1004252,99.84053383
3643,¥,§Ù,12,3,1004255,99.84083209
3644,µ],•…,12,3,1004258,99.84113034
3645,µx,•€,12,3,1004261,99.84142859
3646,µØ,¶Ã,12,3,1004264,99.84172685
3647,µ…,¶◊,12,3,1004267,99.84202510
3648,µÕ,¶◊,12,3,1004270,99.84232335
3649,µœ,¶ﬂ,12,3,1004273,99.84262161
3650,µ–, J,12,3,1004276,99.84291986
3651,∂M,®©,12,3,1004279,99.84321811
3652,∂¶,™˙,12,3,1004282,99.84351637
3653,∂®,™˙,12,3,1004285,99.84381462
3654,∂Ω,≠π,12,3,1004288,99.84411288
3655,∑E,§y,13,3,1004291,99.84441113
3656,∑b,§‚,13,3,1004294,99.84470938
3657,∑¢,§Ï,13,3,1004297,99.84500764
3658,∑§,§Ï,13,3,1004300,99.84530589
3659,∑©,§Ï,13,3,1004303,99.84560414
3660,∑´,§Ï,13,3,1004306,99.84590240
3661,∑º,§Ù,13,3,1004309,99.84620065
3662,∑—,§ı,13,3,1004312,99.84649890
3663,∑Ú,∆‘,13,3,1004315,99.84679716
3664,∏Z,•›,13,3,1004318,99.84709541
3665,∏i,¶Õ,13,3,1004321,99.84739366
3666,∏´, J,13,3,1004324,99.84769192
3667,∏ ,¶Á,13,3,1004327,99.84799017
3668,∏Ó,®©,13,3,1004330,99.84828842
3669,πt,´C,13,3,1004333,99.84858668
3670,∫l,§Ï,14,3,1004336,99.84888493
3671,∫s,§Ù,14,3,1004339,99.84918318
3672,∫¥,§ı,14,3,1004342,99.84948144
3673,∫Ã,•ÿ,14,3,1004345,99.84977969
3674,∫‰,¶À,14,3,1004348,99.85007794
3675,ªT, J,14,3,1004351,99.85037620
3676,ªY, J,14,3,1004354,99.85067445
3677,ªc, J,14,3,1004357,99.85097270
3678,ªi,¶‰,14,3,1004360,99.85127096
3679,ªj,¶‰,14,3,1004363,99.85156921
3680,ªn,¶Á,14,3,1004366,99.85186746
3681,ºÆ,§‡,15,3,1004369,99.85216572
3682,º«,§È,15,3,1004372,99.85246397
3683,º˜,§ı,15,3,1004375,99.85276222
3684,ΩA,•…,15,3,1004378,99.85306048
3685,ΩE,∆‘,15,3,1004381,99.85335873
3686,Ωf,¶À,15,3,1004384,99.85365698
3687,Ωz,¶Õ,15,3,1004387,99.85395524
3688,Ω©, J,15,3,1004390,99.85425349
3689,Ωπ,¶‰,15,3,1004393,99.85455174
3690,Ω¡,¶‰,15,3,1004396,99.85485000
3691,Ω”,®•,15,3,1004399,99.85514825
3692,Ω‹,®ß,15,3,1004402,99.85544651
3693,ΩÔ,®¨,15,3,1004405,99.85574476
3694,æC,∆÷,15,3,1004408,99.85604301
3695,æN,™˜,15,3,1004411,99.85634127
3696,æb,≠≤,15,3,1004414,99.85663952
3697,æ{,≥Ω,15,3,1004417,99.85693777
3698,æ¸,§Ù,16,3,1004420,99.85723603
3699,øR,§ı,16,3,1004423,99.85753428
3700,øT,§ı,16,3,1004426,99.85783253
3701,øh,•ÿ,16,3,1004429,99.85813079
3702,øπ, J,16,3,1004432,99.85842904
3703,øæ, J,16,3,1004435,99.85872729
3704,ø“,®•,16,3,1004438,99.85902555
3705,ø÷,®•,16,3,1004441,99.85932380
3706,ø‚,®¨,16,3,1004444,99.85962205
3707,¿S,≠±,16,3,1004447,99.85992031
3708,¿`,≠π,16,3,1004450,99.86021856
3709,¿b,∞®,16,3,1004453,99.86051681
3710,¿g,‘I,16,3,1004456,99.86081507
3711,¿{,§f,17,3,1004459,99.86111332
3712,¡J,•›,17,3,1004462,99.86141157
3713,¡∞,¶‰,17,3,1004465,99.86170983
3714,¡œ,®¨,17,3,1004468,99.86200808
3715,¡’,®Æ,17,3,1004471,99.86230633
3716,¡„,™˜,17,3,1004474,99.86260459
3717,¡Í,™˜,17,3,1004477,99.86290284
3718,¡Ï,™˜,17,3,1004480,99.86320109
3719,¡¯,´B,17,3,1004483,99.86349935
3720,¡˘,≠≤,17,3,1004486,99.86379760
3721,¬@,∞®,17,3,1004489,99.86409585
3722,¬n,§Ù,18,3,1004492,99.86439411
3723,¬µ,¶Õ,18,3,1004495,99.86469236
3724,¬∑,¶Õ,18,3,1004498,99.86499061
3725,√q,§Ï,19,3,1004501,99.86528887
3726,√∞,¶À,19,3,1004504,99.86558712
3727,√Õ,¶Á,19,3,1004507,99.86588538
3728,√Œ,¶Á,19,3,1004510,99.86618363
3729,√›,®¨,19,3,1004513,99.86648188
3730,√Í,™˜,19,3,1004516,99.86678014
3731,√Î,™˜,19,3,1004519,99.86707839
3732,ƒc,§‚,20,3,1004522,99.86737664
3733,ƒ¶, J,20,3,1004525,99.86767490
3734,ƒ∫,®©,20,3,1004528,99.86797315
3735,ƒ√,™˜,20,3,1004531,99.86827140
3736,ƒ‘,æ¶,20,3,1004534,99.86856966
3737,ƒ‡,§ﬂ,21,3,1004537,99.86886791
3738,≈≈,æ¶,22,3,1004540,99.86916616
3739,∆O,≥æ,24,3,1004543,99.86946442
3740,∆X,¶À,25,3,1004546,99.86976267
3741,∆b,∞©,25,3,1004549,99.87006092
3742,∆c,‘I,25,3,1004552,99.87035918
3743,(…‹),∆Œ,06,3,1004555,99.87065743
3744,œE,§Ï,09,3,1004558,99.87095568
3745,œÆ,§ı,09,3,1004561,99.87125394
3746,—∂,§‚,10,3,1004564,99.87155219
3747,“\,§Ù,10,3,1004567,99.87185044
3748,”D,¶À,10,3,1004570,99.87214870
3749,’Ô,§Ù,11,3,1004573,99.87244695
3750,Ÿ∞,§Ï,12,3,1004576,99.87274520
3751,€C,¶œ,12,3,1004579,99.87304346
3752,›z,§‚,13,3,1004582,99.87334171
3753,ﬁm,§ı,13,3,1004585,99.87363996
3754,‚B,§Ï,13,3,1004588,99.87393822
3755,„Ø, J,14,3,1004591,99.87423647
3756,„¿, J,14,3,1004594,99.87453472
3757,‰¯,§f,15,3,1004597,99.87483298
3758,Â—,§Ï,15,3,1004600,99.87513123
3759,Èw,§ﬂ,16,3,1004603,99.87542948
3760,ÛÀ,≥Ω,19,3,1004606,99.87572774
3761,ıW,≠π,20,3,1004609,99.87602599
3762,¯l,≥æ,23,3,1004612,99.87632425
3763,(˙y), J,15,3,1004615,99.87662250
3764,(˙¯),™˜,12,3,1004618,99.87692075
3765,(êÁ),§ı,13,2,1004620,99.87711959
3766,(ì€),•…,14,2,1004622,99.87731842
3767,(ïÊ),®∂,07,2,1004624,99.87751726
3768,òF,§f,10,2,1004626,99.87771609
3769,§c,∆∆,03,2,1004628,99.87791493
3770,§m,§l,03,2,1004630,99.87811377
3771,§x,§v,03,2,1004632,99.87831260
3772,§¢,§@,04,2,1004634,99.87851144
3773,§Æ,∆¬,04,2,1004636,99.87871027
3774,•w,§f,05,2,1004638,99.87890911
3775,•µ,§‚,05,2,1004640,99.87910794
3776,¶O,§f,06,2,1004642,99.87930678
3777,¶\,§f,06,2,1004644,99.87950562
3778,¶m,§k,06,2,1004646,99.87970445
3779,¶§,§ﬂ,06,2,1004648,99.87990329
3780,¶º,§Ù,06,2,1004650,99.88010212
3781,¶¬,§Ù,06,2,1004652,99.88030096
3782,ßS,§M,07,2,1004654,99.88049979
3783,ßh,§f,07,2,1004656,99.88069863
3784,ßm,§f,07,2,1004658,99.88089746
3785,ßs,§f,07,2,1004660,99.88109630
3786,ßy,…I,07,2,1004662,99.88129514
3787,ß~,§g,07,2,1004664,99.88149397
3788,ßƒ,§s,07,2,1004666,99.88169281
3789,®Q,§Ù,07,2,1004668,99.88189164
3790,®h,•…,07,2,1004670,99.88209048
3791,®±,∆÷,07,2,1004672,99.88228931
3792,®º,®º,07,2,1004674,99.88248815
3793,®€,§H,08,2,1004676,99.88268699
3794,®Ô,§M,08,2,1004678,99.88288582
3795,®˘,∆»,08,2,1004680,99.88308466
3796,©F,§f,08,2,1004682,99.88328349
3797,©H,§f,08,2,1004684,99.88348233
3798,©X,§g,08,2,1004686,99.88368116
3799,©o,§k,08,2,1004688,99.88388000
3800,©≠,§y,08,2,1004690,99.88407883
3801,©∏,§},08,2,1004692,99.88427767
3802,©¬,§ﬂ,08,2,1004694,99.88447651
3803,©÷,§‚,08,2,1004696,99.88467534
3804,©◊,§‚,08,2,1004698,99.88487418
3805,©‡,§‚,08,2,1004700,99.88507301
3806,©Ê,§‚,08,2,1004702,99.88527185
3807,™§,§ı,08,2,1004704,99.88547068
3808,™Æ,§¸,08,2,1004706,99.88566952
3809,™π,∆‘,08,2,1004708,99.88586835
3810,™ª,•◊,08,2,1004710,99.88606719
3811,™…, I,08,2,1004712,99.88626603
3812,´R,§H,09,2,1004714,99.88646486
3813,´c,§M,09,2,1004716,99.88666370
3814,´x,§f,09,2,1004718,99.88686253
3815,´®,§f,09,2,1004720,99.88706137
3816,¨^,§Ï,09,2,1004722,99.88726020
3817,¨a,§Ï,09,2,1004724,99.88745904
3818,¨p,§Ô,09,2,1004726,99.88765788
3819,¨s,•–,09,2,1004728,99.88785671
3820,¨¶,§Ù,09,2,1004730,99.88805555
3821,¨«,•Œ,09,2,1004732,99.88825438
3822,¨·,•Ÿ,09,2,1004734,99.88845322
3823,¨‰,•€,09,2,1004736,99.88865205
3824,≠O,¶◊,09,2,1004738,99.88885089
3825,≠e, J,09,2,1004740,99.88904972
3826,≠w,®¨,09,2,1004742,99.88924856
3827,≠ƒ,§H,10,2,1004744,99.88944740
3828,≠˝,§f,10,2,1004746,99.88964623
3829,ÆD,§f,10,2,1004748,99.88984507
3830,ÆG,§g,10,2,1004750,99.89004390
3831,ÆZ,§k,10,2,1004752,99.89024274
3832,Æ[,§k,10,2,1004754,99.89044157
3833,Æ\,§k,10,2,1004756,99.89064041
3834,Æ¥,§‚,10,2,1004758,99.89083925
3835,ÆÕ,§È,10,2,1004760,99.89103808
3836,ÆŸ,§Ï,10,2,1004762,99.89123692
3837,ÆÂ,§Ï,10,2,1004764,99.89143575
3838,ÆÚ,…a,10,2,1004766,99.89163459
3839,ØC,§Ù,10,2,1004768,99.89183342
3840,ØH,§Ù,10,2,1004770,99.89203226
3841,ØI,§Ù,10,2,1004772,99.89223109
3842,ØL,§ı,10,2,1004774,99.89242993
3843,ØR,§˜,10,2,1004776,99.89262877
3844,ØW,§¸,10,2,1004778,99.89282760
3845,Øy,•€,10,2,1004780,99.89302644
3846,Ø≠,•‹,10,2,1004782,99.89322527
3847,Ø∑,•ﬁ,10,2,1004784,99.89342411
3848,Ø‚,¶◊,10,2,1004786,99.89362294
3849,ØÏ, J,10,2,1004788,99.89382178
3850,∞D,¶‰,10,2,1004790,99.89402062
3851,∞√,∆√,11,2,1004792,99.89421945
3852,∞÷,§f,11,2,1004794,99.89441829
3853,∞‰,§f,11,2,1004796,99.89461712
3854,∞Ò,§g,11,2,1004798,99.89481596
3855,±@,§k,11,2,1004800,99.89501479
3856,±],§s,11,2,1004802,99.89521363
3857,±g,∆Œ,11,2,1004804,99.89541246
3858,±~,§ﬂ,11,2,1004806,99.89561130
3859,±¶,§ﬂ,11,2,1004808,99.89581014
3860,±™,§ﬂ,11,2,1004810,99.89600897
3861,±Æ,§‡,11,2,1004812,99.89620781
3862,±,§Ï,11,2,1004814,99.89640664
3863,≤J,§Ù,11,2,1004816,99.89660548
3864,≤f,§Ù,11,2,1004818,99.89680431
3865,≤h,§Ù,11,2,1004820,99.89700315
3866,≤¿,•ﬁ,11,2,1004822,99.89720199
3867,≤‘,¶Õ,11,2,1004824,99.89740082
3868,≤„,¶◊,11,2,1004826,99.89759966
3869,≤Ï,¶‡,11,2,1004828,99.89779849
3870,≤Ú, J,11,2,1004830,99.89799733
3871,≤˚, J,11,2,1004832,99.89819616
3872,≥a,®ß,11,2,1004834,99.89839500
3873,≥»,§H,12,2,1004836,99.89859383
3874,≥⁄,§f,12,2,1004838,99.89879267
3875,≥ﬁ,§f,12,2,1004840,99.89899151
3876,≥‰,§f,12,2,1004842,99.89919034
3877,≥Â,§f,12,2,1004844,99.89938918
3878,¥V,§y,12,2,1004846,99.89958801
3879,¥\,∆Œ,12,2,1004848,99.89978685
3880,¥h,§ﬂ,12,2,1004850,99.89998568
3881,¥k,§ﬂ,12,2,1004852,99.90018452
3882,¥l,§ﬂ,12,2,1004854,99.90038336
3883,¥v,§·,12,2,1004856,99.90058219
3884,¥™,§‚,12,2,1004858,99.90078103
3885,¥«,§Ï,12,2,1004860,99.90097986
3886,¥˚,§Ù,12,2,1004862,99.90117870
3887,µD,§Ù,12,2,1004864,99.90137753
3888,µg,∆‘,12,2,1004866,99.90157637
3889,µ§,•ﬂ,12,2,1004868,99.90177520
3890,µ∫,¶Õ,12,2,1004870,99.90197404
3891,µ¡,¶’,12,2,1004872,99.90217288
3892,µ≈,¶◊,12,2,1004874,99.90237171
3893,µÃ,¶◊,12,2,1004876,99.90257055
3894,∂I,À§,12,2,1004878,99.90276938
3895,∂N,®©,12,2,1004880,99.90296822
3896,∂o,®ª,12,2,1004882,99.90316705
3897,∂´,™˙,12,2,1004884,99.90336589
3898,∂ƒ,§H,13,2,1004886,99.90356472
3899,∂œ,§M,13,2,1004888,99.90376356
3900,∂–,§M,13,2,1004890,99.90396240
3901,∂€,§f,13,2,1004892,99.90416123
3902,∑X,§ﬂ,13,2,1004894,99.90436007
3903,∑g,§‚,13,2,1004896,99.90455890
3904,∑k,§‚,13,2,1004898,99.90475774
3905,∑·,§¸,13,2,1004900,99.90495657
3906,∏D,•ÿ,13,2,1004902,99.90515541
3907,∏E,•ÿ,13,2,1004904,99.90535425
3908,∏N,•€,13,2,1004906,99.90555308
3909,∏_,¶À,13,2,1004908,99.90575192
3910,∏a,¶À,13,2,1004910,99.90595075
3911,∏c,¶À,13,2,1004912,99.90614959
3912,∏d,¶Ã,13,2,1004914,99.90634842
3913,∏§,¶›,13,2,1004916,99.90654726
3914,∏ª,¶‰,13,2,1004918,99.90674609
3915,∏Õ,¶Á,13,2,1004920,99.90694493
3916,∏“,®•,13,2,1004922,99.90714377
3917,∏Ê,®®,13,2,1004924,99.90734260
3918,∏Ì,®©,13,2,1004926,99.90754144
3919,πP,∆÷,13,2,1004928,99.90774027
3920,πQ,®∂,13,2,1004930,99.90793911
3921,πW,™˜,13,2,1004932,99.90813794
3922,πX,™˜,13,2,1004934,99.90833678
3923,πn,´A,13,2,1004936,99.90853562
3924,π~,≠π,13,2,1004938,99.90873445
3925,πß,≥æ,13,2,1004940,99.90893329
3926,π ,§f,14,2,1004942,99.90913212
3927,πÀ,§f,14,2,1004944,99.90933096
3928,πﬂ,§k,14,2,1004946,99.90952979
3929,∫^,§Ï,14,2,1004948,99.90972863
3930,∫k,§Ï,14,2,1004950,99.90992746
3931,∫y,§Ù,14,2,1004952,99.91012630
3932,∫π,§˚,14,2,1004954,99.91032514
3933,∫Ω,•…,14,2,1004956,99.91052397
3934,∫’,•‹,14,2,1004958,99.91072281
3935,∫‡,¶À,14,2,1004960,99.91092164
3936,∫ˆ,¶Õ,14,2,1004962,99.91112048
3937,∫˙,¶Õ,14,2,1004964,99.91131931
3938,ªU, J,14,2,1004966,99.91151815
3939,ªV, J,14,2,1004968,99.91171699
3940,ªf,¶‰,14,2,1004970,99.91191582
3941,ªg,¶‰,14,2,1004972,99.91211466
3942,ªu,¶Á,14,2,1004974,99.91231349
3943,ª£,®•,14,2,1004976,99.91251233
3944,ª≠,®©,14,2,1004978,99.91271116
3945,ªÀ,™˜,14,2,1004980,99.91291000
3946,ªÕ,™˜,14,2,1004982,99.91310883
3947,ª”,™˘,14,2,1004984,99.91330767
3948,ºK,§f,15,2,1004986,99.91350651
3949,ºM,§f,15,2,1004988,99.91370534
3950,º[,§g,15,2,1004990,99.91390418
3951,º_,§k,15,2,1004992,99.91410301
3952,ºa,§k,15,2,1004994,99.91430185
3953,º®,§ﬂ,15,2,1004996,99.91450068
3954,º∏,§‚,15,2,1004998,99.91469952
3955,ºÛ,§Ù,15,2,1005000,99.91489836
3956,º˚,§¸,15,2,1005002,99.91509719
3957,ΩQ,•ÿ,15,2,1005004,99.91529603
3958,ΩU,•€,15,2,1005006,99.91549486
3959,Ωe,¶À,15,2,1005008,99.91569370
3960,Ω∏,¶‰,15,2,1005010,99.91589253
3961,ΩΩ,¶‰,15,2,1005012,99.91609137
3962,Ωæ,¶‰,15,2,1005014,99.91629020
3963,Ω«,¶Á,15,2,1005016,99.91648904
3964,Ω„,®©,15,2,1005018,99.91668788
3965,ΩÌ,®¨,15,2,1005020,99.91688671
3966,Ωı,®¨,15,2,1005022,99.91708555
3967,Ω˚,®Æ,15,2,1005024,99.91728438
3968,æY,™˜,15,2,1005026,99.91748322
3969,æs,∞®,15,2,1005028,99.91768205
3970,æu,∞©,15,2,1005030,99.91788089
3971,æ´,§H,16,2,1005032,99.91807973
3972,æΩ,§f,16,2,1005034,99.91827856
3973,æ√,§g,16,2,1005036,99.91847740
3974,æ»,∆À,16,2,1005038,99.91867623
3975,æÿ,§‚,16,2,1005040,99.91887507
3976,æË,§È,16,2,1005042,99.91907390
3977,æÈ,§È,16,2,1005044,99.91927274
3978,æÚ,§Ï,16,2,1005046,99.91947157
3979,øF,§Ù,16,2,1005048,99.91967041
3980,ø¢,¶Õ,16,2,1005050,99.91986925
3981,ø¶,¶Õ,16,2,1005052,99.92006808
3982,ø¬,¶‰,16,2,1005054,99.92026692
3983,øÕ,®•,16,2,1005056,99.92046575
3984,ø€,®•,16,2,1005058,99.92066459
3985,øÊ,®¨,16,2,1005060,99.92086342
3986,øÓ,∆÷,16,2,1005062,99.92106226
3987,¿@,™˜,16,2,1005064,99.92126110
3988,¿B,™˜,16,2,1005066,99.92145993
3989,¿r,∂¬,16,2,1005068,99.92165877
3990,¿w,§H,17,2,1005070,99.92185760
3991,¿z,§f,17,2,1005072,99.92205644
3992,¿¢,§g,17,2,1005074,99.92225527
3993,¿º,§‚,17,2,1005076,99.92245411
3994,¿æ,§‚,17,2,1005078,99.92265294
3995,¿«,§È,17,2,1005080,99.92285178
3996,¿÷,§Ú,17,2,1005082,99.92305062
3997,¡T,¶Ã,17,2,1005084,99.92324945
3998,¡t,¶◊,17,2,1005086,99.92344829
3999,¡•, J,17,2,1005088,99.92364712
4000,¡≠,¶‰,17,2,1005090,99.92384596
4001,¡∂,¶Á,17,2,1005092,99.92404479
4002,¡ƒ,®•,17,2,1005094,99.92424363
4003,¡‚,™˜,17,2,1005096,99.92444246
4004,¡Ò,™˘,17,2,1005098,99.92464130
4005,¬F,≥æ,17,2,1005100,99.92484014
4006,¬N,ªÙ,17,2,1005102,99.92503897
4007,¬[,§‚,18,2,1005104,99.92523781
4008,¬q,§Ù,18,2,1005106,99.92543664
4009,¬t,§ı,18,2,1005108,99.92563548
4010,¬|,•À,18,2,1005110,99.92583431
4011,¬£,•ÿ,18,2,1005112,99.92603315
4012,¬©,•›,18,2,1005114,99.92623199
4013,¬„,∆÷,18,2,1005116,99.92643082
4014,√G,≠∑,18,2,1005118,99.92662966
4015,√I,≠π,18,2,1005120,99.92682849
4016,√J,≠π,18,2,1005122,99.92702733
4017,√L,≠ª,18,2,1005124,99.92722616
4018,√U,≥Ω,18,2,1005126,99.92742500
4019,√v,§Ù,19,2,1005128,99.92762383
4020,√§,• ,19,2,1005130,99.92782267
4021,√ß,∆‘,19,2,1005132,99.92802151
4022,√º,¶œ,19,2,1005134,99.92822034
4023,√⁄,®¨,19,2,1005136,99.92841918
4024,√ﬂ,®¨,19,2,1005138,99.92861801
4025,√‡,®¨,19,2,1005140,99.92881685
4026,√Á,®ª,19,2,1005142,99.92901568
4027,√Ú,™˜,19,2,1005144,99.92921452
4028,ƒB,≠∑,19,2,1005146,99.92941336
4029,ƒC,≠π,19,2,1005148,99.92961219
4030,ƒE,∞®,19,2,1005150,99.92981103
4031,ƒN,≥æ,19,2,1005152,99.93000986
4032,ƒS,≥¿,19,2,1005154,99.93020870
4033,ƒW,§f,20,2,1005156,99.93040753
4034,ƒ],§k,20,2,1005158,99.93060637
4035,ƒr,•€,20,2,1005160,99.93080520
4036,ƒu,•ﬁ,20,2,1005162,99.93100404
4037,ƒ°,¶Õ,20,2,1005164,99.93120288
4038,ƒÆ,¶‰,20,2,1005166,99.93140171
4039,ƒØ,¶‰,20,2,1005168,99.93160055
4040,ƒ˘,¶‰,21,2,1005170,99.93179938
4041,≈\,∞©,21,2,1005172,99.93199822
4042,≈§,¶’,22,2,1005174,99.93219705
4043,≈≥,™˜,22,2,1005176,99.93239589
4044,≈∑,≠≤,22,2,1005178,99.93259473
4045,≈€,¶‰,23,2,1005180,99.93279356
4046,∆K,‘I,24,2,1005182,99.93299240
4047,∆L,∞≠,24,2,1005184,99.93319123
4048,∆z,∞®,29,2,1005186,99.93339007
4049, ◊,§ﬂ,07,2,1005188,99.93358890
4050, ÿ,§ﬂ,07,2,1005190,99.93378774
4051, ›,§ﬂ,07,2,1005192,99.93398657
4052, Ô,§‚,07,2,1005194,99.93418541
4053,À¨,®∂,07,2,1005196,99.93438425
4054,ÀÔ,§f,08,2,1005198,99.93458308
4055,ÃU,§l,08,2,1005200,99.93478192
4056,Ã{,§ﬂ,08,2,1005202,99.93498075
4057,ÃÚ,§Ù,08,2,1005204,99.93517959
4058,Õ◊,®∂,08,2,1005206,99.93537842
4059,—L,§g,10,2,1005208,99.93557726
4060,—®,§ﬂ,10,2,1005210,99.93577610
4061,“≤,•…,10,2,1005212,99.93597493
4062,”¶, J,10,2,1005214,99.93617377
4063,‘r,§f,11,2,1005216,99.93637260
4064,‘ª,§g,11,2,1005218,99.93657144
4065,‘–,§k,11,2,1005220,99.93677027
4066,’u,§‚,11,2,1005222,99.93696911
4067,’~,§‚,11,2,1005224,99.93716794
4068,÷K,§ı,11,2,1005226,99.93736678
4069,÷Ê,¶Õ,11,2,1005228,99.93756562
4070,◊∂,¶Á,11,2,1005230,99.93776445
4071,Ÿı,§Ù,12,2,1005232,99.93796329
4072,⁄`,§ı,12,2,1005234,99.93816212
4073,⁄Ù,¶Õ,12,2,1005236,99.93836096
4074,‹g,™˜,12,2,1005238,99.93855979
4075,›®,§‚,13,2,1005240,99.93875863
4076,›ﬁ,§Ï,13,2,1005242,99.93895747
4077,›˚,§Ô,13,2,1005244,99.93915630
4078,ﬁ£,§ı,13,2,1005246,99.93935514
4079,ﬂo,¶–,13,2,1005248,99.93955397
4080,ﬂ«, J,13,2,1005250,99.93975281
4081,‡T,®ß,13,2,1005252,99.93995164
4082,‡¨,®ª,13,2,1005254,99.94015048
4083,‡⁄,≠≤,13,2,1005256,99.94034931
4084,·G,§f,14,2,1005258,99.94054815
4085,·I,§f,14,2,1005260,99.94074699
4086,·V,§g,14,2,1005262,99.94094582
4087,·¯,§È,14,2,1005264,99.94114466
4088,„`,¶Ã,14,2,1005266,99.94134349
4089,„q,¶Õ,14,2,1005268,99.94154233
4090,„˜,¶Á,14,2,1005270,99.94174116
4091,‰˙,§f,15,2,1005272,99.94194000
4092,Â∏,§‚,15,2,1005274,99.94213883
4093,Ê£,•…,15,2,1005276,99.94233767
4094,ÈG,…I,16,2,1005278,99.94253651
4095,Íd,•…,16,2,1005280,99.94273534
4096,Í…,¶Ã,16,2,1005282,99.94293418
4097,ÎŸ,®ª,16,2,1005284,99.94313301
4098,Î€,®ª,16,2,1005286,99.94333185
4099,Î„,™˜,16,2,1005288,99.94353068
4100,Î‰,™˜,16,2,1005290,99.94372952
4101,Ìw,∆‘,17,2,1005292,99.94392836
4102,Óq,¶Á,17,2,1005294,99.94412719
4103,Ôı,§Ù,18,2,1005296,99.94432603
4104,„,®•,18,2,1005298,99.94452486
4105,˛,®¨,18,2,1005300,99.94472370
4106,ÒQ,®ª,18,2,1005302,99.94492253
4107,Ò ,≥Ω,18,2,1005304,99.94512137
4108,Û`,™˜,19,2,1005306,99.94532020
4109,Ûj,™˜,19,2,1005308,99.94551904
4110,Û™,≠∂,19,2,1005310,99.94571788
4111,ık,≥Ω,20,2,1005312,99.94591671
4112,˘©,®•,27,2,1005314,99.94611555
4113,(˚W),§‚,17,2,1005316,99.94631438
4114,(˚w),§Ï,08,2,1005318,99.94651322
4115,(¸f),§s,10,2,1005320,99.94671205
4116,¸˛,¶◊,08,2,1005322,99.94691089
4117,é”,§‚,16,1,1005323,99.94701031
4118,êk,§f,10,1,1005324,99.94710973
4119,(êÓ),§g,12,1,1005325,99.94720914
4120,(ëC),≥¡,17,1,1005326,99.94730856
4121,ó‰,®≠,13,1,1005327,99.94740798
4122,ô‰,§ı,12,1,1005328,99.94750740
4123,ö¿,§f,06,1,1005329,99.94760681
4124,§X,°U,03,1,1005330,99.94770623
4125,§|,§|,03,1,1005331,99.94780565
4126,•{,§f,05,1,1005332,99.94790507
4127,•‡,§@,06,1,1005333,99.94800449
4128,•‚,∆¿,06,1,1005334,99.94810390
4129,•„,∆¿,06,1,1005335,99.94820332
4130,•‰,§A,06,1,1005336,99.94830274
4131,•˘,§H,06,1,1005337,99.94840216
4132,¶J,…C,06,1,1005338,99.94850157
4133,¶_,…I,06,1,1005339,99.94860099
4134,¶g,§i,06,1,1005340,99.94870041
4135,¶},§z,06,1,1005341,99.94879983
4136,¶ﬂ,¶ﬂ,06,1,1005342,99.94889925
4137,¶‰,¶‰,06,1,1005343,99.94899866
4138,¶,§H,07,1,1005344,99.94909808
4139,¶˙,§H,07,1,1005345,99.94919750
4140,ßF,§H,07,1,1005346,99.94929692
4141,ßH,§H,07,1,1005347,99.94939634
4142,ßM,∆≈,07,1,1005348,99.94949575
4143,ßw,…I,07,1,1005349,99.94959517
4144,ß≠,§k,07,1,1005350,99.94969459
4145,ß¬,§s,07,1,1005351,99.94979401
4146,ß◊,§ﬂ,07,1,1005352,99.94989342
4147,ßÿ,§ﬂ,07,1,1005353,99.94999284
4148,®@,§Ï,07,1,1005354,99.95009226
4149,®^,§Ù,07,1,1005355,99.95019168
4150,®l,•–,07,1,1005356,99.95029110
4151,®w,¶◊,07,1,1005357,99.95039051
4152,®¢, J,07,1,1005358,99.95048993
4153,®∑,®∂,07,1,1005359,99.95058935
4154,®⁄,§H,08,1,1005360,99.95068877
4155,®ﬂ,§I,08,1,1005361,99.95078818
4156,©B,§f,08,1,1005362,99.95088760
4157,©E,§f,08,1,1005363,99.95098702
4158,©V,§g,08,1,1005364,99.95108644
4159,©c,§k,08,1,1005365,99.95118586
4160,©¥,∆Œ,08,1,1005366,99.95128527
4161,©Ω,§ﬂ,08,1,1005367,99.95138469
4162,©¡,§ﬂ,08,1,1005368,99.95148411
4163,©À,§ﬂ,08,1,1005369,99.95158353
4164,©œ,§‡,08,1,1005370,99.95168294
4165,©Ì,§‚,08,1,1005371,99.95178236
4166,©,§‚,08,1,1005372,99.95188178
4167,™],§Û,08,1,1005373,99.95198120
4168,™f,§Ù,08,1,1005374,99.95208062
4169,™~,§Ù,08,1,1005375,99.95218003
4170,™°,§ı,08,1,1005376,99.95227945
4171,™≥,•…,08,1,1005377,99.95237887
4172,™∏,∆‘,08,1,1005378,99.95247829
4173,™∆,•ﬁ,08,1,1005379,99.95257770
4174,™„, J,08,1,1005380,99.95267712
4175,™‰, J,08,1,1005381,99.95277654
4176,™Ë, J,08,1,1005382,99.95287596
4177,™Î,¶‰,08,1,1005383,99.95297538
4178,´Z,§H,09,1,1005384,99.95307479
4179,´u,§f,09,1,1005385,99.95317421
4180,´≠,§g,09,1,1005386,99.95327363
4181,´∑,§j,09,1,1005387,99.95337305
4182,´‡,…L,09,1,1005388,99.95347247
4183,¨ª,§˚,09,1,1005389,99.95357188
4184,¨ø,•…,09,1,1005390,99.95367130
4185,¨—,∆’,09,1,1005391,99.95377072
4186,¨‘,•’,09,1,1005392,99.95387014
4187,¨˜,¶Õ,09,1,1005393,99.95396955
4188,≠K,¶◊,09,1,1005394,99.95406897
4189,≠N,¶◊,09,1,1005395,99.95416839
4190,≠Q,¶‡,09,1,1005396,99.95426781
4191,≠U, J,09,1,1005397,99.95436723
4192,≠`, J,09,1,1005398,99.95446664
4193,≠c, J,09,1,1005399,99.95456606
4194,≠r,®•,09,1,1005400,99.95466548
4195,≠£,∆÷,09,1,1005401,99.95476490
4196,≠©,®ª,09,1,1005402,99.95486431
4197,≠¨,™˘,09,1,1005403,99.95496373
4198,≠¿,§H,10,1,1005404,99.95506315
4199,≠–,§H,10,1,1005405,99.95516257
4200,ÆA,§f,10,1,1005406,99.95526199
4201,ÆF,…I,10,1,1005407,99.95536140
4202,ÆP,§k,10,1,1005408,99.95546082
4203,ÆY,§k,10,1,1005409,99.95556024
4204,Æ^,§l,10,1,1005410,99.95565966
4205,Æj,§r,10,1,1005411,99.95575907
4206,Æn,§s,10,1,1005412,99.95585849
4207,Æo,§s,10,1,1005413,99.95595791
4208,Æ√,§‚,10,1,1005414,99.95605733
4209,Æ≈,¶Ã,10,1,1005415,99.95615675
4210,ÆÀ,§È,10,1,1005416,99.95625616
4211,Æ‹,§Ï,10,1,1005417,99.95635558
4212,ÆÓ,§Ô,10,1,1005418,99.95645500
4213,Æ˜,§Ù,10,1,1005419,99.95655442
4214,Øc,•–,10,1,1005420,99.95665384
4215,Ø¢,•€,10,1,1005421,99.95675325
4216,Øß,•‹,10,1,1005422,99.95685267
4217,Ø®,•‹,10,1,1005423,99.95695209
4218,ØÆ,•‹,10,1,1005424,99.95705151
4219,Ø∆,¶Õ,10,1,1005425,99.95715092
4220,ØÃ,¶œ,10,1,1005426,99.95725034
4221,Ø“,¶‘,10,1,1005427,99.95734976
4222,Øﬁ,¶◊,10,1,1005428,99.95744918
4223,ØÁ,¶ﬁ,10,1,1005429,99.95754860
4224,ØÍ,¶‡,10,1,1005430,99.95764801
4225,Ø˙, J,10,1,1005431,99.95774743
4226,∞F,¶‰,10,1,1005432,99.95784685
4227,∞G,¶‰,10,1,1005433,99.95794627
4228,∞L,¶Á,10,1,1005434,99.95804568
4229,∞N,¶Á,10,1,1005435,99.95814510
4230,∞i,∆÷,10,1,1005436,99.95824452
4231,∞m,∆÷,10,1,1005437,99.95834394
4232,∞n,∆÷,10,1,1005438,99.95844336
4233,∞π,§H,11,1,1005439,99.95854277
4234,∞ø,§H,11,1,1005440,99.95864219
4235,∞Ã,∆∆,11,1,1005441,99.95874161
4236,∞‹,§f,11,1,1005442,99.95884103
4237,∞„,§f,11,1,1005443,99.95894044
4238,∞Ê,§f,11,1,1005444,99.95903986
4239,±G,∆À,11,1,1005445,99.95913928
4240,±W,§s,11,1,1005446,99.95923870
4241,±f,∆Œ,11,1,1005447,99.95933812
4242,±u,…L,11,1,1005448,99.95943753
4243,±|,§ﬂ,11,1,1005449,99.95953695
4244,±},§ﬂ,11,1,1005450,99.95963637
4245,±¨,§ﬂ,11,1,1005451,99.95973579
4246,±∫,§‚,11,1,1005452,99.95983521
4247,±≈,§‚,11,1,1005453,99.95993462
4248,±›,§Ë,11,1,1005454,99.96003404
4249,±˙,§Ï,11,1,1005455,99.96013346
4250,≤I,§Ù,11,1,1005456,99.96023288
4251,≤S,§Ù,11,1,1005457,99.96033229
4252,≤U,§Ù,11,1,1005458,99.96043171
4253,≤u,§¸,11,1,1005459,99.96053113
4254,≤•,•–,11,1,1005460,99.96063055
4255,≤Æ,•’,11,1,1005461,99.96072997
4256,≤∆,¶À,11,1,1005462,99.96082938
4257,≤Õ,¶Õ,11,1,1005463,99.96092880
4258,≤⁄,¶Œ,11,1,1005464,99.96102822
4259,≥@, J,11,1,1005465,99.96112764
4260,≥A, J,11,1,1005466,99.96122705
4261,≥C, O,11,1,1005467,99.96132647
4262,≥H,¶‰,11,1,1005468,99.96142589
4263,≥[,®•,11,1,1005469,99.96152531
4264,≥_,®•,11,1,1005470,99.96162473
4265,≥i,®™,11,1,1005471,99.96172414
4266,≥l,®¨,11,1,1005472,99.96182356
4267,≥¶,™˜,11,1,1005473,99.96192298
4268,≥ß,™˜,11,1,1005474,99.96202240
4269,≥œ,§M,11,1,1005475,99.96212181
4270,≥Ò,§f,12,1,1005476,99.96222123
4271,≥˜,§g,12,1,1005477,99.96232065
4272,¥K,∆À,12,1,1005478,99.96242007
4273,¥],§},12,1,1005479,99.96251949
4274,¥a,…L,12,1,1005480,99.96261890
4275,¥i,§ﬂ,12,1,1005481,99.96271832
4276,¥t,§ﬂ,12,1,1005482,99.96281774
4277,¥≈,§Ï,12,1,1005483,99.96291716
4278,¥„,…a,12,1,1005484,99.96301657
4279,¥Ù,§Ù,12,1,1005485,99.96311599
4280,µB,§Ù,12,1,1005486,99.96321541
4281,µc,•Õ,12,1,1005487,99.96331483
4282,µr,•÷,12,1,1005488,99.96341425
4283,µt,•ÿ,12,1,1005489,99.96351366
4284,µ®,¶À,12,1,1005490,99.96361308
4285,µ∆,¶◊,12,1,1005491,99.96371250
4286,µÎ,¶‰,12,1,1005492,99.96381192
4287,∂@,®•,12,1,1005493,99.96391134
4288,∂A,®•,12,1,1005494,99.96401075
4289,∂C,®•,12,1,1005495,99.96411017
4290,∂L,®©,12,1,1005496,99.96420959
4291,∂Y,®¨,12,1,1005497,99.96430901
4292,∂c,®Æ,12,1,1005498,99.96440842
4293,∂|,™˘,12,1,1005499,99.96450784
4294,∂ª,≠π,12,1,1005500,99.96460726
4295,∂ÿ,§f,13,1,1005501,99.96470668
4296,∂Ÿ,§f,13,1,1005502,99.96480610
4297,∂ﬁ,§f,13,1,1005503,99.96490551
4298,∂‡,§f,13,1,1005504,99.96500493
4299,∂‰,§f,13,1,1005505,99.96510435
4300,∂Á,§f,13,1,1005506,99.96520377
4301,∑K,…L,13,1,1005507,99.96530318
4302,∑Z,§ﬂ,13,1,1005508,99.96540260
4303,∑[,§ﬂ,13,1,1005509,99.96550202
4304,∑_,§ﬂ,13,1,1005510,99.96560144
4305,∑p,§‚,13,1,1005511,99.96570086
4306,∑≠,§Ï,13,1,1005512,99.96580027
4307,∑∫,§Ù,13,1,1005513,99.96589969
4308,∑ø,§Ù,13,1,1005514,99.96599911
4309,∑’,§ı,13,1,1005515,99.96609853
4310,∑€,§ı,13,1,1005516,99.96619794
4311,∑ﬁ,§˘,13,1,1005517,99.96629736
4312,∑Í,•…,13,1,1005518,99.96639678
4313,∑Û,∆‘,13,1,1005519,99.96649620
4314,∑ı,∆‘,13,1,1005520,99.96659562
4315,∏f,¶Ã,13,1,1005521,99.96669503
4316,∏h,¶Õ,13,1,1005522,99.96679445
4317,∏w,¶÷,13,1,1005523,99.96689387
4318,∏©, J,13,1,1005524,99.96699329
4319,∏¨, J,13,1,1005525,99.96709271
4320,∏±, J,13,1,1005526,99.96719212
4321,∏∏, O,13,1,1005527,99.96729154
4322,∏º,¶‰,13,1,1005528,99.96739096
4323,∏≈,¶Ê,13,1,1005529,99.96749038
4324,∏⁄,®•,13,1,1005530,99.96758979
4325,∏›,®•,13,1,1005531,99.96768921
4326,∏‰,®•,13,1,1005532,99.96778863
4327,∏Ë,À§,13,1,1005533,99.96788805
4328,∏,®©,13,1,1005534,99.96798747
4329,∏˝,®Æ,13,1,1005535,99.96808688
4330,π^,™˜,13,1,1005536,99.96818630
4331,π`,™˜,13,1,1005537,99.96828572
4332,πg,™˜,13,1,1005538,99.96838514
4333,πh,™˘,13,1,1005539,99.96848455
4334,πm,´A,13,1,1005540,99.96858397
4335,π≠,§H,14,1,1005541,99.96868339
4336,πÆ,§H,14,1,1005542,99.96878281
4337,π«,§f,14,1,1005543,99.96888223
4338,π˜,§y,14,1,1005544,99.96898164
4339,π˚,§},14,1,1005545,99.96908106
4340,∫F,§ﬂ,14,1,1005546,99.96918048
4341,∫H,§ﬂ,14,1,1005547,99.96927990
4342,∫O,§‚,14,1,1005548,99.96937931
4343,∫Q,§‚,14,1,1005549,99.96947873
4344,∫Y,§Ë,14,1,1005550,99.96957815
4345,∫ƒ,∆‘,14,1,1005551,99.96967757
4346,∫ﬂ,¶À,14,1,1005552,99.96977699
4347,∫·,¶À,14,1,1005553,99.96987640
4348,∫Í,¶Ã,14,1,1005554,99.96997582
4349,∫,¶Õ,14,1,1005555,99.97007524
4350,∫˛,¶Õ,14,1,1005556,99.97017466
4351,ªK,¶◊,14,1,1005557,99.97027408
4352,ªN,¶⁄,14,1,1005558,99.97037349
4353,ªo,¶Á,14,1,1005559,99.97047291
4354,ªz,®•,14,1,1005560,99.97057233
4355,ª¶,®•,14,1,1005561,99.97067175
4356,ªΩ,∆÷,14,1,1005562,99.97077116
4357,ª“,™˘,14,1,1005563,99.97087058
4358,ª◊,™˘,14,1,1005564,99.97097000
4359,ªﬁ,≠≤,14,1,1005565,99.97106942
4360,ªÁ,≠π,14,1,1005566,99.97116884
4361,ª,≥æ,14,1,1005567,99.97126825
4362,ª˚,§H,15,1,1005568,99.97136767
4363,ºG,§f,15,1,1005569,99.97146709
4364,ºO,§f,15,1,1005570,99.97156651
4365,ºP,§f,15,1,1005571,99.97166592
4366,ºc,§k,15,1,1005572,99.97176534
4367,ºk,§s,15,1,1005573,99.97186476
4368,ºn,§y,15,1,1005574,99.97196418
4369,º¨,§ﬂ,15,1,1005575,99.97206360
4370,º¿,§‚,15,1,1005576,99.97216301
4371,º¡,§‚,15,1,1005577,99.97226243
4372,º ,§È,15,1,1005578,99.97236185
4373,º’,§Ï,15,1,1005579,99.97246127
4374,º„,§Ù,15,1,1005580,99.97256068
4375,ºË,§Ù,15,1,1005581,99.97266010
4376,ºÓ,§Ù,15,1,1005582,99.97275952
4377,Ω@,•…,15,1,1005583,99.97285894
4378,ΩD,∆‘,15,1,1005584,99.97295836
4379,ΩY,•€,15,1,1005585,99.97305777
4380,Ω[,•›,15,1,1005586,99.97315719
4381,Ω{,¶Õ,15,1,1005587,99.97325661
4382,Ω¢,¶‘,15,1,1005588,99.97335603
4383,Ω∂, J,15,1,1005589,99.97345544
4384,Ω¿,¶‰,15,1,1005590,99.97355486
4385,Ω⁄,®•,15,1,1005591,99.97365428
4386,ΩÙ,®¨,15,1,1005592,99.97375370
4387,æI,®∂,15,1,1005593,99.97385312
4388,æS,™˜,15,1,1005594,99.97395253
4389,æ],´B,15,1,1005595,99.97405195
4390,æe,≠∂,15,1,1005596,99.97415137
4391,æf,≠∂,15,1,1005597,99.97425079
4392,æh,≠∑,15,1,1005598,99.97435021
4393,æ∫,§f,16,1,1005599,99.97444962
4394,ææ,§f,16,1,1005600,99.97454904
4395,æ›,§‚,16,1,1005601,99.97464846
4396,æÍ,§Ï,16,1,1005602,99.97474788
4397,øI,§Ù,16,1,1005603,99.97484729
4398,øQ,§ı,16,1,1005604,99.97494671
4399,øV,§ı,16,1,1005605,99.97504613
4400,ø],• ,16,1,1005606,99.97514555
4401,ø^,•À,16,1,1005607,99.97524497
4402,øa,∆‘,16,1,1005608,99.97534438
4403,øk,•€,16,1,1005609,99.97544380
4404,øl,•€,16,1,1005610,99.97554322
4405,øy,¶À,16,1,1005611,99.97564264
4406,ø~,¶Õ,16,1,1005612,99.97574205
4407,ø¨,¶–,16,1,1005613,99.97584147
4408,øÃ,®£,16,1,1005614,99.97594089
4409,øŸ,®•,16,1,1005615,99.97604031
4410,¿F,™˘,16,1,1005616,99.97613973
4411,¿K,´B,16,1,1005617,99.97623914
4412,¿Q,´C,16,1,1005618,99.97633856
4413,¿^,≠π,16,1,1005619,99.97643798
4414,¿_,≠π,16,1,1005620,99.97653740
4415,¿°,§f,17,1,1005621,99.97663681
4416,¿´,§r,17,1,1005622,99.97673623
4417,¿Ø,§s,17,1,1005623,99.97683565
4418,¿∂,§ﬂ,17,1,1005624,99.97693507
4419,¿¬,§‚,17,1,1005625,99.97703449
4420,¿»,§Ï,17,1,1005626,99.97713390
4421,¿“,§Ï,17,1,1005627,99.97723332
4422,¿Ì,§ı,17,1,1005628,99.97733274
4423,¿Ó,§ı,17,1,1005629,99.97743216
4424,¿Ò,§¸,17,1,1005630,99.97753158
4425,¡D,•€,17,1,1005631,99.97763099
4426,¡K,•ﬁ,17,1,1005632,99.97773041
4427,¡M,¶À,17,1,1005633,99.97782983
4428,¡[,¶Õ,17,1,1005634,99.97792925
4429,¡e,¶Õ,17,1,1005635,99.97802866
4430,¡i,¶Õ,17,1,1005636,99.97812808
4431,¡j,¶Œ,17,1,1005637,99.97822750
4432,¡Æ,¶‰,17,1,1005638,99.97832692
4433,¡π,¶Á,17,1,1005639,99.97842634
4434,¡ª,®£,17,1,1005640,99.97852575
4435,¡Œ,®¨,17,1,1005641,99.97862517
4436,¡—,®¨,17,1,1005642,99.97872459
4437,¡€,∆÷,17,1,1005643,99.97882401
4438,¡Ë,™˜,17,1,1005644,99.97892342
4439,¡Ì,™˜,17,1,1005645,99.97902284
4440,¡Ú,™˘,17,1,1005646,99.97912226
4441,¬C,≥Ω,17,1,1005647,99.97922168
4442,¬M,ªÛ,17,1,1005648,99.97932110
4443,¬],§‚,18,1,1005649,99.97942051
4444,¬{,•…,18,1,1005650,99.97951993
4445,¬¢,•ÿ,18,1,1005651,99.97961935
4446,¬•,•ÿ,18,1,1005652,99.97971877
4447,¬π,¶Õ,18,1,1005653,99.97981818
4448,¬ø,¶’,18,1,1005654,99.97991760
4449,¬…, J,18,1,1005655,99.98001702
4450,¬œ,¶‰,18,1,1005656,99.98011644
4451,¬”,®•,18,1,1005657,99.98021586
4452,¬ﬁ,®¨,18,1,1005658,99.98031527
4453,¬‰,∆÷,18,1,1005659,99.98041469
4454,¬Ò,™˜,18,1,1005660,99.98051411
4455,√Y,≥æ,18,1,1005661,99.98061353
4456,√f,∆Œ,19,1,1005662,99.98071294
4457,√µ,¶Õ,19,1,1005663,99.98081236
4458,√À,¶Á,19,1,1005664,99.98091178
4459,√ﬁ,®¨,19,1,1005665,99.98101120
4460,√Â,∆÷,19,1,1005666,99.98111062
4461,√Ê,®ª,19,1,1005667,99.98121003
4462,√Ì,™˜,19,1,1005668,99.98130945
4463,√Ô,™˜,19,1,1005669,99.98140887
4464,√Û,™˜,19,1,1005670,99.98150829
4465,ƒK,≥Ω,19,1,1005671,99.98160771
4466,ƒL,≥æ,19,1,1005672,99.98170712
4467,ƒ^,§l,20,1,1005673,99.98180654
4468,ƒe,§‚,20,1,1005674,99.98190596
4469,ƒs,•€,20,1,1005675,99.98200538
4470,ƒz,¶Ã,20,1,1005676,99.98210479
4471,ƒ∞,¶Á,20,1,1005677,99.98220421
4472,ƒ∑,®•,20,1,1005678,99.98230363
4473,ƒΩ,®¨,20,1,1005679,99.98240305
4474,ƒ»,≠π,20,1,1005680,99.98250247
4475,ƒ⁄,§f,21,1,1005681,99.98260188
4476,ƒﬁ,§s,21,1,1005682,99.98270130
4477,ƒÔ,•ÿ,21,1,1005683,99.98280072
4478,≈I,™˜,21,1,1005684,99.98290014
4479,≈L,™˜,21,1,1005685,99.98299955
4480,≈Z,∞®,21,1,1005686,99.98309897
4481,≈[,∞®,21,1,1005687,99.98319839
4482,≈`,≥Ω,21,1,1005688,99.98329781
4483,≈q,§s,22,1,1005689,99.98339723
4484,≈£,¶À,22,1,1005690,99.98349664
4485,≈≠,®¨,22,1,1005691,99.98359606
4486,≈∂,≠≤,22,1,1005692,99.98369548
4487,≈«,¿s,22,1,1005693,99.98379490
4488,≈ﬂ,™˜,23,1,1005694,99.98389431
4489,≈‚,≠±,23,1,1005695,99.98399373
4490,≈Ê,∞®,23,1,1005696,99.98409315
4491,≈Ó,≥æ,23,1,1005697,99.98419257
4492,≈˙,¶‰,24,1,1005698,99.98429199
4493,≈¸,¶Ê,24,1,1005699,99.98439140
4494,∆B,®©,24,1,1005700,99.98449082
4495,∆I,≠∂,24,1,1005701,99.98459024
4496,∆Y,¶À,25,1,1005702,99.98468966
4497,∆a,≠π,25,1,1005703,99.98478908
4498,∆k,∞®,26,1,1005704,99.98488849
4499,∆q,™˜,27,1,1005705,99.98498791
4500,∆x,≥æ,28,1,1005706,99.98508733
4501,∆|,≥æ,29,1,1005707,99.98518675
4502,∆},≥æ,30,1,1005708,99.98528616
4503,…J,§I,03,1,1005709,99.98538558
4504,…i,§H,05,1,1005710,99.98548500
4505,…√,§Q,05,1,1005711,99.98558442
4506,…◊,§s,06,1,1005712,99.98568384
4507,( ^),§H,07,1,1005713,99.98578325
4508, _,§H,07,1,1005714,99.98588267
4509, ﬁ,§ﬂ,07,1,1005715,99.98598209
4510,Àl,•…,07,1,1005716,99.98608151
4511,Àœ,∆≈,08,1,1005717,99.98618092
4512,ÀÒ,…I,08,1,1005718,99.98628034
4513,Ã@,§g,08,1,1005719,99.98637976
4514,ÃX,∆À,08,1,1005720,99.98647918
4515,ÃÓ,§Ù,08,1,1005721,99.98657860
4516,ÃÒ,§Ù,08,1,1005722,99.98667801
4517,Ã˘,§Ù,08,1,1005723,99.98677743
4518,ÕR,§ı,08,1,1005724,99.98687685
4519,Õq,•–,08,1,1005725,99.98697627
4520,Õz,•€,08,1,1005726,99.98707568
4521,Õ˘,…D,09,1,1005727,99.98717510
4522,ŒA,§f,09,1,1005728,99.98727452
4523,Œ},§s,09,1,1005729,99.98737394
4524,Œ§,§s,09,1,1005730,99.98747336
4525,ŒÎ,§È,09,1,1005731,99.98757277
4526,œw,§Ù,09,1,1005732,99.98767219
4527,–`,¶◊,09,1,1005733,99.98777161
4528,–z, J,09,1,1005734,99.98787103
4529,–§, J,09,1,1005735,99.98797045
4530,–˘,§f,10,1,1005736,99.98806986
4531,—•,§ﬂ,10,1,1005737,99.98816928
4532,—“,§Ë,10,1,1005738,99.98826870
4533,—Í,§Ï,10,1,1005739,99.98836812
4534,”y, J,10,1,1005740,99.98846753
4535,”›,®•,10,1,1005741,99.98856695
4536,‘G,´A,10,1,1005742,99.98866637
4537,‘o,…C,11,1,1005743,99.98876579
4538,‘≥,§g,11,1,1005744,99.98886521
4539,’^,§ﬂ,11,1,1005745,99.98896462
4540,’t,§‚,11,1,1005746,99.98906404
4541,’z,§‚,11,1,1005747,99.98916346
4542,’Ÿ,§Ì,11,1,1005748,99.98926288
4543,÷L,§ı,11,1,1005749,99.98936229
4544,÷s,•…,11,1,1005750,99.98946171
4545,÷¥,•€,11,1,1005751,99.98956113
4546,÷ˆ,¶–,11,1,1005752,99.98966055
4547,◊o, J,11,1,1005753,99.98975997
4548,◊æ,¶Á,11,1,1005754,99.98985938
4549,◊Ÿ,®¨,11,1,1005755,99.98995880
4550,◊Ù,®ª,11,1,1005756,99.99005822
4551,◊˝,™˜,11,1,1005757,99.99015764
4552,ÿf,§f,12,1,1005758,99.99025705
4553,ÿj,§f,12,1,1005759,99.99035647
4554,ÿ¶,§g,12,1,1005760,99.99045589
4555,ÿÚ,§y,12,1,1005761,99.99055531
4556,Ÿ±,§Ï,12,1,1005762,99.99065473
4557,Ÿ«,§Ï,12,1,1005763,99.99075414
4558,⁄¢,•…,12,1,1005764,99.99085356
4559,⁄◊,•›,12,1,1005765,99.99095298
4560,⁄ﬁ,¶À,12,1,1005766,99.99105240
4561,€_, J,12,1,1005767,99.99115181
4562,‹M,∆÷,12,1,1005768,99.99125123
4563,‹º,§H,13,1,1005769,99.99135065
4564,‹“,§f,13,1,1005770,99.99145007
4565,‹›,§f,13,1,1005771,99.99154949
4566,›h,§ﬂ,13,1,1005772,99.99164890
4567,›¥,§‚,13,1,1005773,99.99174832
4568,›œ,§Ï,13,1,1005774,99.99184774
4569,›“,§Ï,13,1,1005775,99.99194716
4570,ﬁk,§ı,13,1,1005776,99.99204658
4571,ﬁ±,•…,13,1,1005777,99.99214599
4572,ﬁ’,•’,13,1,1005778,99.99224541
4573,ﬂ§,¶‡,13,1,1005779,99.99234483
4574,‡H,®•,13,1,1005780,99.99244425
4575,‡Æ,™˜,13,1,1005781,99.99254366
4576,‡µ,™˜,13,1,1005782,99.99264308
4577,·Ë,§‚,14,1,1005783,99.99274250
4578,‚f,§Ô,14,1,1005784,99.99284192
4579,„e,¶Õ,14,1,1005785,99.99294134
4580,„n,¶Õ,14,1,1005786,99.99304075
4581,„π, J,14,1,1005787,99.99314017
4582,„», J,14,1,1005788,99.99323959
4583,„Ú,¶‰,14,1,1005789,99.99333901
4584,„˝,¶Á,14,1,1005790,99.99343842
4585,‰v,™˜,14,1,1005791,99.99353784
4586,Âb,§s,15,1,1005792,99.99363726
4587,Âx,§ﬂ,15,1,1005793,99.99373668
4588,Â¡,§Á,15,1,1005794,99.99383610
4589,ÂÓ,§Ï,15,1,1005795,99.99393551
4590,Ê{,§¸,15,1,1005796,99.99403493
4591,Ê¢,•…,15,1,1005797,99.99413435
4592,Ê’,•ﬁ,15,1,1005798,99.99423377
4593,Ê˘,¶–,15,1,1005799,99.99433318
4594,ÁF,¶‡,15,1,1005800,99.99443260
4595,ÁM, J,15,1,1005801,99.99453202
4596,Á˝,®¨,15,1,1005802,99.99463144
4597,Ë_,®ª,15,1,1005803,99.99473086
4598,Ëc,™˜,15,1,1005804,99.99483027
4599,ÈÃ,§Ï,16,1,1005805,99.99492969
4600,È,§Ù,16,1,1005806,99.99502911
4601,ÍO,§ı,16,1,1005807,99.99512853
4602,Í¯, J,16,1,1005808,99.99522795
4603,Î£,®•,16,1,1005809,99.99532736
4604,ÏØ,≥¿,16,1,1005810,99.99542678
4605,ÌK,§Ì,17,1,1005811,99.99552620
4606,Ìh,•…,17,1,1005812,99.99562562
4607,Ì≥,•›,17,1,1005813,99.99572503
4608,Ì√,¶À,17,1,1005814,99.99582445
4609,Ó@, J,17,1,1005815,99.99592387
4610,ÓL, J,17,1,1005816,99.99602329
4611,ÓP, J,17,1,1005817,99.99612271
4612,Ó«,®ª,17,1,1005818,99.99622212
4613,Óœ,™˜,17,1,1005819,99.99632154
4614,ÓÓ,™˘,17,1,1005820,99.99642096
4615,ÓÒ,™˘,17,1,1005821,99.99652038
4616,ÔM,≠π,17,1,1005822,99.99661979
4617,Ô‘,§‚,18,1,1005823,99.99671921
4618,ÔÔ,§Ù,18,1,1005824,99.99681863
4619,Ô˚,§ı,18,1,1005825,99.99691805
4620,o,¶Õ,18,1,1005826,99.99701747
4621,ÒF,®Æ,18,1,1005827,99.99711688
4622,Òj,™˜,18,1,1005828,99.99721630
4623,Òª,‘I,18,1,1005829,99.99731572
4624,Òæ,∞´,18,1,1005830,99.99741514
4625,Ò¸,§k,19,1,1005831,99.99751455
4626,Úc,§Ù,19,1,1005832,99.99761397
4627,ÛŒ,≥Ω,19,1,1005833,99.99771339
4628,Ùt,•ÿ,20,1,1005834,99.99781281
4629,Ù≠,¶Õ,20,1,1005835,99.99791223
4630,Ù’,®•,20,1,1005836,99.99801164
4631,ı≠,≥æ,20,1,1005837,99.99811106
4632,ˆG,¶Â,21,1,1005838,99.99821048
4633,ˆ∞,≥Ω,21,1,1005839,99.99830990
4634,ˆÃ,∂¬,21,1,1005840,99.99840932
4635,ˆ‹,§k,22,1,1005841,99.99850873
4636,ˆÊ,§Ï,22,1,1005842,99.99860815
4637,ˆÎ,§Ù,22,1,1005843,99.99870757
4638,˜F,¶‡,22,1,1005844,99.99880699
4639,˜´,≥Ω,22,1,1005845,99.99890640
4640,˜·,§Ï,23,1,1005846,99.99900582
4641,¯G,®Æ,23,1,1005847,99.99910524
4642,¯p,≥æ,23,1,1005848,99.99920466
4643,¯∞,§Ù,24,1,1005849,99.99930408
4644,˘C,¶◊,25,1,1005850,99.99940349
4645,˘Ø,≠∂,27,1,1005851,99.99950291
4646,(˙Ω),‡Ô,24,1,1005852,99.99960233
4647,(˚\),§‚,12,1,1005853,99.99970175
4648,(˚|),•ﬁ,21,1,1005854,99.99980116
4649,˚’,®ª,14,1,1005855,99.99990058
4650,(˝¸),∆‘,16,1,1005856,100.00000000

